,sequence
Bacteria_Firmicutes_Bacilli_Lactobacillales_Streptococcaceae_Streptococcus_oralis_subsp._dentisani_clade_058,TMNNNNNNNNNNNNNDNSVRGCMRNRDDDRRRDGWMTTCGGTSSRTCAATGGRSGVGAASYACCTGACSSAGCRACGCCGCGTGAGTGAAGAAGGTTTTCGGTATCGTAAAGCTCTGTTGTWAGWSAAGAAYRRGTGTGAGAGTGGAAAGTTCRCRCTRTTGACGGTADCTWACCAGAAAGSGACGGCTAACTACGTGCCAGCAGCCGCGGTAATACGTAGGTCCCGAGCGTTRTCCGGATTTATTGGGACGTAAAGCGAGCGCAGGCGGTYTWSWTAAGTCTGAWGTKAAAGSCYVYGGCTYAACCRKRTGRKARSGCWTTGGAAACTGKKWAACTTGAGTGCARRAGGGGAGAGTGGAATTCCAKGTGTAGCGGTGAAATGCKTAGAKATNWSGGARGAAYWCCRARGWKGGCGAARAGCRGGSYBHYKGGGNGHHDNHACTGACGYTBADRHKCGAARGYRYGGGGDGAKCSRAAACAGGGATTAGGATACCCCCGGGTAG
Bacteria_Firmicutes_Bacilli_Lactobacillales_Streptococcaceae_Streptococcus_salivarius,WNNNNNNNNNNGGRRGSSAGCAGKDRRGGRDVDWCMTTSSRACACAATGGGRSCGVAASYCGTTCGAYSSAGCRAYKCYGYGTGMRBGAWGAMGKHYTTTCGGWDWYGTAAAVYKACTDTYGRNHVRDSAMGAANVDBBBBBDKRBKRRHWNNNHNNNVNDDWGACARGTANYBDVVBARDAAGBSMCGGCTAAMTACGTGCCGAGCAGCCGCGGTAATACGTAGGKSSCRAGCGTTRTCCGGAWTTATTGGGCGTAAAGSGMGCGYAGGCGGTTHVSWTAAGTCTGWWGTKAAAGSCYVBGGCTYAACACVBRTGWDBNKTCTWTTGGAAACTGKBDRACTCWGAGTGCMGRAGRGGARAGTGGAATTCCWDGTGTAGCGGTGAAATGCGYAGAKATNWGGGARGGAAYACCRRGWGGCGAARGCGRGRGSYYHYTGGGKNHNDNWACTGACGCTSAGDRGHKCGAARGCVWGGGGKDAKCRGAACRRGRATTWRGATACCYBYSSKTAG
Bacteria_Bacteroidetes_Bacteroidia_Bacteroidales_Prevotellaceae_Prevotella_melaninogenica,ASACGCACGTMKRWRGSASGCMRGTGGGGAATTAGMTTSSDCAAGTGGRSGVRASBTCTGAHSSAGCVAHKYHGCGTGHRBGAWGGAMKKHYYTMYGGDWYGTAAASYDCTDTYRNHNRSGRARNSRVKAANVNNNNNNNBNKNDNHNHBBDHVNNNNNDTGMMKKTANYKDDVHBARDAAAGSVHCGGCTAAYTMCGTGCCAGCAGCCGCGGTAATACGKARGKBSCRRGCGTTRTCCGGAWTTATTGGGYKTAAAGSGAGCGYAGGCKGKWDRWTAAGTSTGWWGTKAAAKSYHGDSGCTYAACSHYWWAGWMYTGCWKYGSRWACTGKYDHVCTTGAGTRYRSRMRRSGWDRGYGGAATTCSWBGTGTAGCGGTGRAATGCKTAGAKATNWSGARGAACWCCRRTKGGCGAARGCRRSYBHCKGRRNNNRHWAACTGACGCTKADGMDCGGGAAGRGGTYSHGGGGGGGKGAKCGRAACRRGGATTAGRDWMMYSBSKRGTAG
Bacteria_Firmicutes_Bacilli_Lactobacillales_Streptococcaceae_Streptococcus_parasanguinis_clade_411,TWNNNNNWBNNBKRRGCAGCAGTARKDRRRDWMTTSSRCAATGGACRSGVAASYCTGAYSSAGCRACGCCGCGTGAGTGAAGAAGGTTTTCGGATCGTAAAGCTCTGTTGTAAGWSAAGAACGRGTGTGAGAGTGGAAARTTCACRCTGTGACGGTADCTTACCAGAAAGSGACGGCTAACTACGTGCCAGCAGCCGCGGTAATACGTAGGTCCCGAGCGTTRTCCGGATTTATTGGGCGTAAAGCGAGCGCAGGCGGTTWSWTAAGTCTGAWGTKAAAGSCYKYGGCTYAACCRKRGWRBBGCWTTGGAAACTGKBWRACTTGAGTGCARRAGRGGARAGTGGAATTCCWWGTGTAGCGGTGAAATGCGTAGAKATDWGGGRAGRGAAYACCRRGDKGSGMRRAAGSSGRRCYYHYTGGGNGTHHRBWACTGACGCTSAKGYKCCGAARGCGYGGGGGKGAKCVRAACVRGGATTAGGATACCCSYRGGTAG
Bacteria_Proteobacteria_Gammaproteobacteria_Pasteurellales_Pasteurellaceae_Haemophilus_parainfluenzae,AKCWSRYRBRSKAGGVRGCRSRKWDRGGAATHTTSSDCAATGGDSGVRRASHCTGAHSSAGCVAHKYMGCGTGHVKGAWGRMKKHYYTMYTGGDWYGTAAASBDCTKTYRBHNRNSRNBAANVNNNNNNDBNBDRDHNVNNHVNNDNNNWGMVKKTANYGNDVAHNARDAAGSVHCGGCTAAYTMCGTGCCAGCAGCCGCGGTAATACGKAGGRYGCRAGCGTTAWTCGGAATWACTGGGCGTAAAGGGCACGCAGGCGGYKAYTTAAGTGAGRTGTGAAAGCCCCCGGGCTTAACCTGGGAATTGGCATTYYADACTGGGTMRCTAGAGTRCKTYAGRGGRGGGGTAGAATTCCACGTGTAGCRGTGAAATGCGTAGAKATRWGGRRRGGGAAYACCGRWGGCGAAGRGGCRGCYYYYTGGGBNWDDDHAACTGACGYTSAKGYKCGAAAGCGTGGGKGAGCGRAACARGGATTAGRMYMCSSYCRGGTAG
Bacteria_Firmicutes_Bacilli_Lactobacillales_Carnobacteriaceae_Granulicatella_adiacens,ASDMSBMYNBRDAGGMRGCAGGTHDRGKAATMTTSSDCAATGGRSGVAAASYCTGAHSSAGCVAHGCMGCGTGMRKGAWTGAMGKHYTTMYGGDWYGTAAAVYKCTKTYRNHVRNGRVSAANVNNHNNNDNDBDRRHHNNNNVNNDNNDTGASKGTANYBDVGHBARDAAGSVMCGGCTAAMTMCGTGCCAGCAGCCGCGGTAATACGTAGGKBSCRAGCGTTRTCCGGAWTTATTGGGCGTAAAGCGMGCGCAGGYGGTTHVWTAAGTCDGAWGTKAAACGBCYVBCGGCTYAACTCVKGRGWDBKKCDTTSGAAACTGKBDRACTWGAGTRYRRNAGRGRRRRGTGGAATTCCTWHGTGTAGCGGTGAAATGCGTAGAKATNWGGGARGAAYWCCRRTKGGCCGAAARAGCRRSYYHYBGGGNHCHTRHHACTGACRYTSAGKRHKCGGAARGYVHGGGGGKTAKCGRAACRGGATTAGATACCCCYGGGTAG
Bacteria_Firmicutes_Negativicutes_Veillonellales_Veillonellaceae_Veillonella_dispar,ACGCGAGTATGAGGCGCAGTGGGGAATMTTSSDCAATGGRSGVARAASYCTGAHSSAGCVAHKYYGYGTGHRBGAWGRMGKHYTTAMTGGDWYGTAAAVYBCTDTYRNHNRNSRNSAWNVNNNNNNDDRBDVVHHNNBNNNNNNDDWGAVRGTANYKNDVNNARDAAGSVMCGGCTAAMTMCGTGCCAGCAGCCGCGGTAATACGTAGGKBSCRAGCGTTRTCCGGAWTTATTGGGCGTAAAGCGCGCGCAGGCGGATHGGTCAGTCCTGTCTTAAAAAGTTCGGGGCTTAACCCCGTGDAATGGGATGGAAACTGCCAATCTCAGAGTATCGGAGAGGAAAGTCGGAATTCCTAGTGTAGCGGTGAAATGCGTAGATATHWGGGRARGAACACCRRTGGGCGAAGRGCRGRSYYWCTGGRNBBARWWAACTWGACGCTSARGGMKCGAAAGCSMWGGGGGGKKGAGCGRAACRRGGATTAGGATACCCYCGGGTAG
Bacteria_Actinobacteria_Actinobacteria_Actinomycetales_Micrococcaceae_Rothia_mucilaginosa,AMMRWMYRYRKGAGGCGAGSWGTGAGGGAATHTTSSDCAATGGRSGVRRASYCTGAHSSAGCVAHKYHGYGTGHVBGAWGRMGKYHYTWYCGGDWYGTAAASBDCTDTYRNHNRNSRNBAANRNNNNNNDBDBNNDNDNNNHKNNNNNNDWAGWGMVKKTANYNDKVHNARDAAGSVHCGGCTAAMTMCGTGCCAGCAGCCGCGGTAATACGKAGGKBSCRAGCGTTRTCCGGAWTTAYTGGGCGTAAAGRGCKYGYAGGCGGTTWGTYRMGTCTGMHGTGAAAAAGSCCGKRGCTTAACYCYGKGWMKTGCRGTGGRWACKGKCWRACTCWGAGTGCRGKAGGGGAGASTGGAAYTCCWKGTGTAGCGGTGRAAATGCGYAGATATHWGGGARGAACACCGRTGGGCGAAARGGCRGSYYGWCGTCTGGGNGHNRGHWAACTGACGCTSAGRRMKCGAAAGCARGTHGGGGGGKKAAKCRGAACAGRGGAWTWRGATACCCCHKGGTAG
Bacteria_Actinobacteria_Actinobacteria_Actinomycetales_Micrococcaceae_Rothia_dentocariosa,MTTSSDCAATGGRSGVARASYCTGAHSSAGCVAHKYHGYGTGNRBGATWGRMGKHYYTAYGGDWYGTAAASYNCTDTYRNHHDNSRNBMANVNNNNNBHNDBDRVWHDNBNVNNDNDDWGMVGGTANBGDDVHNARDAAGSVMCGGCTAAMTMCGTGCCAGCAGCCGCGGTAATACGKAKGKBSCRAGCGTTRTCCGGAWTTATTGGGCGTAAAGVGCKYGTAGGCGGTTKGTYRMGTCTGHTGTGAAAAGGCTGGGGCGTTAACCCTGKGTWWTGCWKTGGRWACKGKCGTAACTWGAGTGCAGKAGGGGAGASTGGAAYTCCWKGTGTAGCGGTGRAATGCGYAGATATMWGGGARGAACACCRRTGGGCCGAAGRGCRRSGTYTCTGGNGYBRWWACTGACGCTGAGRMKCGAAAGCARWGGGKGAGCGRAACRRGGGAWTWRGATACCCYCGGGTAG
Bacteria_Proteobacteria_Betaproteobacteria_Neisseriales_Neisseriaceae_Neisseria_NA,HTTSSDCAATGGRSCGVGRASYCTGAHSSAGCVAHKYHGYGTGHVBGAWGAMDGBHYTWYTGGDWYGTAAASBDCTDTTYRBHNDNSRVGKARNVNDNNNNNKNKDRDHNNNNNNNNNNNNTGMMDKTANHKNDVNBARDAAGSVMCGGCTAAMTMCGTGCCAGCAGCCGCGGTAATACGKAGGKBSCRAGCGTTRWYCGGAWTWAYTGGGCGTAAAGSGVGCGCAGRCGGTHGWVWTAAGTYMKGRTGTGAAAKSCCSCRGGCTYAACCYSGGATAYTGCRTTSKRAACTGGKKRRCTAGAGTRYDKHAGRGGRGRRGTRGAATTCCWHGTGTAGCRGTGAAATGCGTAGAKATDWGGAGGAAYACCRRWGGGCCGAAARGCRRCYYYYCTGGBGMWDDHACTGACGYTSAKGYBCGAAAGCGTGGGGKAGCGRAACAGGGATTAGATACCCCYGGGTAG
Bacteria_Bacteroidetes_Bacteroidia_Bacteroidales_Prevotellaceae_Prevotella_veroralis,ATTGGTCAATGGRCCGNRAGYCTGAACCAGCCAAGTMGCGTGMAGGAHGACGGCCCTATGGGTTGTAAACTGCTTTTRTRBGRGRATAAWKWBRDBBACGTGTVVBKTDNTTGYAKGTAYCVYAYGAAATAAGGACCGGCTAATTCCGTGCCAGCAGCCGCGGTAATACGGAAGGTYCRGGCGTTATCCGGATTTATTGGGTTTAAAGGGAGCGTAGGCYGGAGATTAAGTGTGTTGTGAAATGTAGACGCTCAACGTCTGAMTTGCAGCGCATACTGGTTTCCTTGAGTACGCACAACGTTGGCGGAATTCGTCGTGTAGCGGTGAAATGCTTAGATATRACGAAGAACTCCGATKGCGAARGGGCAGCTSWCGKGGRASYGYMACTGACGCTKARGCTCGAARGGYGYGGGGGGKAKCRGAAACAGGRTTAGGATACCCCYKGGTAG
Bacteria_Fusobacteria_Fusobacteriia_Fusobacteriales_Fusobacteriaceae_Fusobacterium_periodonticum,ATATCGCGGAGGGAGCAGCAGTAGGGGAATHTTSSDCAATGGRCSRVRASYCTGAHSSAGCVAHKYHGYGTGHVBGAWGAMGKCHYYTTMTGGDWYGTAAAVBDCTTDTYVNHNRNSRVKAWNVNNNNNNDBDBDRRHWNNNNNNNNNNDWGMMKGTANYBNDVHBARDAAGBVMCGGCTAAHTMCGTGCCAGCAGCCGCGGTAATACGKAKGKBVCRAGCGTTRTCCGGAWTTATTGGGCGTAAAGCGCGTCTAGGTGGTTATGTAAGTCTGATGTGAAAATGCAGGGCTCAACTCTGTATTGCGTTGGAAACTGYATRACTAGAGTACTGGAGAGGYAAGYGGAACTMCAMGTGTAGAGGGTGAAATKCGTAGATATDWGKARGGAAYRCCGRTGRBGGGAARVYRGYTYWCTGGGDMDARWWACTGACGCTRARAGYKCGAAAGGCBWGGGGGGKAGCRAACAGGGAWTWDKAKAYMCCYGGKWMG
Bacteria_Actinobacteria_Actinobacteria_Actinomycetales_Actinomycetaceae_Actinomyces_sp._HMT_180,ACKKKWCWSTRGGMRGCAGCTGGGGAATMTTGSRCAATGGGCGVAAGCCTGATSCAGCRACGCCGCGTGMGKGAWGRMGGCCTTCGGGTTGTRAASCTCTKTYRBYMRKGRWSAAGMCRCDRYDNDYKAATABHDGGTKRWRDTGASGGTASYKGTVWDARRAAGCSCCGGCTAACTACGTGCCAGCAGCCGCGGTAATACGTAGGGCGCGAGCGTTGTCCGGAATTATTGGGCGTAAAGGGCTTGTAGGCGGTTGGTCGCGTCTGCCGTGAAATYCTCTGGCTTAACTGGGGGCAGTGCGGTGGGTACGGGCYGGRCTTGAGTGCGGTAGGGGAGACTGGAAYTCCTGGTGTAGCGGTGRAATGCGYAGATATMWGGRARGAACACCGGRGTGGCGAARGGCCRGSTYWCTGGNGCYGTWACTGACGCTGAGRGMKCGAAAAGCRTGGGGGAGCRAACAGGGATTAGGATACCCCYGGGTAG
Bacteria_Actinobacteria_Actinobacteria_Actinomycetales_Actinomycetaceae_Actinomyces_sp._HMT_169,MTTGSRCAATGGGSGMAASCCTGATGCAGCSAYGCCGCGTGNGKGAWGRMGGCCTTCGGGTTGTAAACCBCTKTYRSCAKBGAAGMAGVSMNRBYTYYYYKGTGGGDGGGTTGACGGTASSTGSAKARRAAGCGCCGGCTAACTACGTGCCAGCAGCCGCGGTAATACGTAGGGCGCRAGCGTTGTCCGGAATTATTGGGCGTAAAGRGCTYGTAGGCGGYTKGTCGCGTCTGYCGTGAAATCCTCTGGCTTAACTGGGGGCKTGCGGTGGGTACGGGCHGRCTTGAGTGCGGTAGGGGAGASTGGAAYTCCWKGTGTAGCGGTGRAATGCGYAGATATNWGGARGAACACCRRTGGCGAARGCRRSTYHCTGGNGYBRWHACTGACGCTGAGGMKCGAAAGCSWGGGDGARSSRAACRGGATTAGATACCGGTAG
Bacteria_Proteobacteria_Betaproteobacteria_Neisseriales_Neisseriaceae_Neisseria_flava,HTTSSDCAATGGRSGVARASYCTGAHSSAGCVAHKYHGYGTGHVBGAWGRMBGBHTYTWYTGGDWYGTAAAVBDCTKTYRNHNDNGRNBARNVNBNNNBDDDBDRVHNNNNNNNNNNDDWGGMVKKTANHKNDVNNARDAAGBVMCGGCTAAMTMCGTGCCAGCAGCCGCGGTAATACGKAGGKBSCRAGCGTTRWYCGGAWTTAYTGGGCGTAAAGCGRGCGCAGRCGGTTACTTAAGCAGGATGTGAAATCCCCCGGGCTYAACCTGGGAACTGCRTTYYRWACTGGGTRRCTAGAGTGYKTYAGRGGGGRGGTAGAATTCCACGTGTAGCRGTGAAATGCGTAGAKATRTGGAGGAAYACCRRWGGCGAARGCRGCYYYYTGGNMWDDHACTGACGYTSAKGYBCCGAAAGCGTGGGGTAGCGGAACAGGGATKAGCRAACASDGGGTAG
Bacteria_Bacteroidetes_Bacteroidia_Bacteroidales_Prevotellaceae_Prevotella_salivae,MTTSSDCAATGGRBGVRRASYCTGAHSSAGCVAHGYMGCGTGMRKGAWGAMGKHYYTMYGGDWYGTAAASYKCTKTYRBNHGDSRHKAANDNNNNNBWBDBDRVWMNNBWVNBNNNDTGHMKGTABCDNVHBARDAAGSVMCGGCTAAYTMCGTGCCAGCAGCCGCGGTAATACGKARGKYBCRRGCGTTRTCCGGATTTATTGGGYKTAAAGSGTAGCGYAGGCBGKDDRWTAAGYSTGWWGTGAAAKGYWGWSGCTCAACSWYWGWMYTGCAKYGSRWACTGKTTHMCTTGAGTRYRSRMRRSGWDRGYGGAATTCSWYGTGTAGCGGTGAAATGCKTAGATATDWSGARGAACWCCRRTKGCGAAGRGGCRGCTBDCKGGGGDVBRHWACTGACGCTKARGYKCGAAGRGGTYSYGGGGGGKGAKCGRAACAGGGATTAGGRWWMCSSYRGGTAG
Bacteria_Fusobacteria_Fusobacteriia_Fusobacteriales_Leptotrichiaceae_Leptotrichia_sp._HMT_417,HTTSSDCAATGGRSCRVRASYCTGAHSSAGCVAYKYYGYGTGHVBGACWGRMGKTHYCTWYGGDWYGTRAASBDCTKTYRNNHRNSRNNMANVNNNNNNDBDBKDRHWVNNNNNNNNDDWGMVGKTANYDGGGDVAHNARDAAGBVMCGGCTAAMTMCGTGCCAGCAGCCGCGGTAATACGKAKGKBVCRAGCGTTRTCCGGAWTTATTGGGCRTAAAGSGCRTSTAGGCGGTCCAGRTAAGTCTGGGGTGAAAACTTGCGGCTCAACCGCAAGCCTGCCCCTGGAAACTATGYGGCTAGAGTRCTGGAGAGGTGGACGGAACTSCACGWGTAGGAAGGTGAAATTCGTAGATATKTGSAGGGAAWDSCSRWKRHKRARRHWRBTYMMYKGRMVGNWAMYKRMSSYKRRRBKSSRAARSYTBTDGGGKKAGAGCGRAACAGGRWTWAKRDWHMCCYGGGTAG
Bacteria_Bacteroidetes_Bacteroidia_Bacteroidales_Prevotellaceae_Prevotella_sp._HMT_313,ACGAGTGCGTGGAGGGCAGTGGGGAATHTTSSDCAATGGRSGNRASYCTGAHSSAGCVAHGYMGCGTGHVKGAWGRMGGYYYTMTGGRTYGTAAASYDCTKTYVBNNGBSAAGCARVBAWVNNNNNNDRKDBBRVWHVDNYNNBNNDDTGMVKKTAVYNNVNBARDAAGSVMCGGCTAAYTMCGTGCCAGCAGCCGCGGTAATACGGAAGGTCCRGGCGTTATCCGGATTTTATTGGGTTTAAAGGGAGCGTAGGCYGRAGATTAAGTGTGTTGTGAAAKGKWGWSGCTCAACGTCTGMMTTGCMGYGSAWACTGGTTWMCTTGAGTRCRSACAASGTWGGCGGAATTCGWYGTGTAGCGGTGAAATGCKTAGATATRWSGARGAAYWCCGRTKGCGAARGCRGCYBWCKGGGNNHRBWACTGACGCTKADGYKCGAAGRGYGYGGGGGGKAKCRGAACAGGGATTAGGATACCCCGGGTAG
Bacteria_Firmicutes_Bacilli_Lactobacillales_Streptococcaceae_Streptococcus_mutans,TCRTMSSWCGKRRGRGSSAGCAGTRGGAAGKAMKTMTTSSRCAATGGRSCGVRASYWCCTGAYSSAGCVAYKCYGYGTGMRBGAWGAMGGYHYTWYGGDTYGTAAASYKCTKTYGRDHHKDSRMDARNVDBNBBTBDKRBKRRHHDKDNNNHNNDKWAKWGMMGGTANYDDVHBARDAAGBVMCGGCTAAMTMCGTGCCAGCAGCCGCGGTAATACGTAKGKSSCRAGCGTTRTCCGGAWTTATTGGGCGTAAAGSGAGCGCAGGCGGTYWGGWAAGTCTGGAGTAAAAGGCTATGGCTCAACCATAGTGTGCTCTTGGAAACTGTCTRACTTGAGTGCAGAAGGGGAGAGTGGAATTCCATGTGTAGCGGGTGAAATGCGTAGATATATGGGAGGAACACCRRTGGRCGAARAGSSGGCTCTCTGGGBYTGTMACTGACGCTGAGGGGCTYBSGAAAGGCGTGGGGKAGCGRAACRRGGGATTAGRWWMCCCYGGGTAG
Bacteria_Firmicutes_Clostridia_Clostridiales_Lachnospiraceae_[XIV]_Lachnoanaerobaculum_orale,ATAGAGTACTGGGCAGCAGTGGGGAATMTTSSDCAATGGRSGVRRASYCTGAHSSAGCVAHGYHGCGTGMRBGAWGRMGKHYYTMYGGDWYGTAAASYKCTDTYGRNHNRDSRHBADNVNNNNNBNBDBDRRHWNBDNNNNNNNDTGMVDGTANYNDVNNARDAAGSVMCGGCTAAYTMCGTGCCAGCAGCCGCGGTAATACGKARGKBSCRRGCGTTRTCCGGATTTAYTGGGYGTAAAGGGAGCGYAGACGGCRAWGYAAGTCTGAAGTGAAAKBCMWGGGCTCAACCSRTGRAYTGCTTTGGAAACTGTWTRGCTTTGAGTGYMGGAGRGGWRAGYGGAATTCCWWGTGTAGCGGTGAAATGCGTAGATATHWGGARGAACACCRRGWGGGCGAAGGRGCRRSTYDCTGGGNYBRHNACTGACGYTGARGGMKCGAARGCVHGGGKRRKCRAACRRGATTAAG
Bacteria_Actinobacteria_Coriobacteriia_Coriobacteriales_Coriobacteriaceae_Atopobium_parvulum,MTTSSRCAATGGRSGVAGASYCGTGAYSSAGCVAYKCYGYGTGMRBGAWGRMGGHYTTMCGGDTYGTAAASYKCTKTYRNHVRDSRNSARVVNNNNNBNNDBDRVWMNNBNNNNDNDDTGASKGTABYBDNHNARDAAGSVMCGGCTAAMTACGTGCCAGCAGCCGCGGTAATACGTAGGKBSCRAGCGTTATCCGGAWTYATTGGGCGTAAAGCGCTGCGTAGGCGGTCTGTTAGGTCGGGAGTTAAATACCGGGGGCTCAACCCCCGYTCTGCTCYCGATACCGGCAGACTTGAGTTTGGTAGGGGAARGTGGAATTCCTAGTGTAGCGGTGRAATGCGYAGATATHWGGARGAACACCRRTGGGCGAARGGCRGGRSYYTCTGGGNGHBCRHWACTGACGCTGAGGGMKCGAAAAGCBWGGGKGGAGCRAMMRGGATTAGGATACCCTGGGTAG
Bacteria_Bacteroidetes_Bacteroidia_Bacteroidales_Porphyromonadaceae_Porphyromonas_pasteri,ATTGGTCAATGGGCGRRAGCCTGAACCAGCCAAGTMGCGTGMAGGATGACKGYCYGTATGGRTTGTAAACTTCTTTTATASGGGAATAAMRWGAGYYACGWGTRRCTGYMYTGCATGTACCBTATGAATAAGCATCGGCTAACTCCGTGCCAGCAGCCGCGGTAATACGGAGGATGCGAGCGTTATCCGGATTTATTGGGTTTAAAGGGTGCGTAGGCGGCCTGTTAAGTCAGCGGTGAAATCTAGGAGCTTAACTTCCTAAATTGCCRTTGAWACTGGYKGGCTTGAGTGYAGWWGRGGWRRGYGGAATKCSTGGTGTAGCGGGTGRRAAATGGCDYAGATATHWSGMRGAACWCCRRTKGCGAARGGCRGSHBNCBRRGVBYRYWACTGACGCTKAGRGMDCGGRAARGYRYGGGDDWKCRAACAGGGATTAGATACCYCYGGGTAG
Bacteria_Actinobacteria_Actinobacteria_Actinomycetales_Micrococcaceae_Rothia_aeria,AGCGTCGTCTGGGCAGCAGTGAGGAATHTTSSDCAATGGRSGVAASYCTGAHSSAGCVAYGCCGCGTGHVKGAWGRMGKHYTTCTGGDWYGTAAASBDCTDTYRBHHDNSAMGWMNRNNNNNNNBNNDRDWMNKNNNNBNNDDTGASKGTABBDTDVNNARDAAGSVHCGGCTAACTACGTGCCAGCAGCCGCGGTAATACGTAGGKBSCRAGCGTTRTCCGGAWTTATTGGGCGTAAAGMGCKYGYAGGCGGYTKGKYRMGTCTGYYGTRAAAAGBCYSKRGCTTAACYSBGTGKHTTGCRGTGGGTACGGGCWRACTAGAGTGCAGTAGGGGGAGACTGGAAYTCCWKGTGTAGCGGTGGAATGCRYAGATAGTMNGGGRARGAACACCRRTGGGCGAARGCRGGSTCTCTGGGKGCYGTWACTGACGCTGAGRMKCGAAAGCRGTTGGGGGKAGCRAACAGGGATTAGGATACCCCCGGGTAG
Bacteria_Bacteroidetes_Bacteroidia_Bacteroidales_Prevotellaceae_Alloprevotella_sp._HMT_308,MTTSSDCAATGGRCSGVRASYCTGAHSSAGCVAHGYMGCGTGMRKGAWGAMKKYYYTMYGGRWYGTAAASYKCTKTYRBNNRDGRVGBAANNNNBNNNDDNNNNNWHDBDNVNBNNNDTGHVKKTANYDNVHBARDAAGSVHCGGCTAAYTMCGTGCCAGCAGCCGCGGTAATACGKARGDBSCRRGCGTTRTCCGGATTTATTGGGYKTAAAGSGAGCGYAGGCGGWTWGWTAAGTCWGMRGTKAAAGGSTGTGGCTYAACCWTRSWWYTGCYKTKGAAACTGKYDAWCTTGAGTGCARRMRGGGGGWTKRSYGGAATTCSWKGTGTAGCGGTGAAATGCKTAGATATVWSGARGAACWCCGRGTBGGCGAARGGSMRGSTBWCBGGGNGBYGGGYWACTGACGCTKARGGMDCGAARGYVYGGGGGKTAKCRAACAGGGAWWWRGATACCCYGGGTAG
Bacteria_Bacteroidetes_Bacteroidia_Bacteroidales_Prevotellaceae_Prevotella_histicola,HTTSSDCAATGGDSGVARASHCTGAHSSAGCVAHKYHGYGTGMRBGAWGRMKGHYYTMBGGDTYGTAAASYKCTKTYRNHNRDSRVBARNVNNNHKNNNNNVNKDRHNNBNNNNNDNNNWGHVKGTANYNDVHBARDAAGBVHCGGCTAAHTMCGTGCCAGCAGCCGCGGTAATACGKARGDYSCRRGCGTTRTCCGGATTTATTGGGYKTAAAGGGAGCGTAGGCKGKWGRTTAAGTSTGWWGTGAAAKGYWGWSGCTYAACGCYMTGRMTTGCAGYGSATACTGKTTWMCTTGAGTRCRSACRRSGWKRGYGGAATTCSTYGTGTAGCGGTGAAATGCKTAGATATVWBGARGAACWCCGRTKGCGAARGGCRGCYBNCGKGGDVNRNWACTGACGCTSADGCKCGAARGGYSHGSGGGGKAKCGRGAACRRGGATTAGRWWMCCCYGGGTAG
Bacteria_Proteobacteria_Epsilonproteobacteria_Campylobacterales_Campylobacteraceae_Campylobacter_concisus,HTTSSDCAATGGRCSGVAASYCTGAHSSAGCVAHGYMGCGTGVRKGAWGAMRBHCYYWYGGDDYGTAAASYBCTDTYRBHHDNGRDSAANVNNBNNNDKDNDRDHHNNNHNNNDNDDWGASGKTANHDDVHNARDAAGSVMCGGCTAAYTMCGTGCCAGCAGCCGCGGTAATACGKRGGGTGCRAGCGTTAYYCGGAATHACTGGGCGTAAAGAGRMGCGYAGGCGGMYTAWYAAGTSTSTTGTGAAAKSCTATGGCTTAACCATAGAAYTTGCWWKRSAAACTRDTARKCTAGAGTKMRRRAGRGGHRRVTGGAATTSSWKGTGTAGSGGTRAAATSCGTAGAKATMWSSAGGAAYRCCVRYKGCGAARGGCRRGBYYDCTGGGDMYKHWACTGACGCTRAKGHKYGAAAGCGTGGGGKGAKCGRAACAGG
Bacteria_Firmicutes_Bacilli_Bacillales_Gemellaceae_Gemella_morbillorum,MTTSSRCAATGGRSGVARASYCTGAYSSAGCRAYGCCGCGTGMRBGAWGAMGKHYTTCGGDWYGTAAAVYKCTDTYGRNHVRDSAHGAANVVNBNHBDDDBDRVHWNBDHNDNNNNDWTGASGGTANYDDVRHBARRAAGSSMCGGCTAACTACGTGCCAGCAGCCGCGGTAATACGTAGGKSSCRAGCGTTGTCCGGAWTTATTGGGCGTAAAGCGCGCGCAGGTGGTTTAATAAGTCTGAWGTGAAAGSCCRYGGCTCAACCRTGGWRSGTCWTTGGAAACTGKYDAACTTGAGTGCAGRAGRGRARAGTGGGAATTCCWWGTGTAGCGGTGAAATGCGTAGAKATWWGGGAGGGAACACCRGTGGCGAARGGGCGGCTTYTYTKGGTHYBGYAACTGACRCTGGAGGCKCGAAAGCGTGGGGGGAGGCRAACMRGGATTAGGATACCCYCGGGTAG
Bacteria_Firmicutes_Bacilli_Lactobacillales_Carnobacteriaceae_Granulicatella_elegans,MTTSSDCAATGGRSGVAASYCTGAHSSAGCVAYKYMGCGTGHRBGAWGAMRSHYCTWCGGDKYGTAAAVYDCTKTTRDNNRRGAMKAANRNBBNDNDGAGKVSDRWBWDYDHDVNBDDDWGAMGGTAYYDNMHBARDAAGVVMCGGCTAAYTMCGTGCCAGCAGCCGCGGTAATACGTAGGKSSCRAGCGTTRTCCGGAWTTATTGGGCGTAAAGVGMGCGYAGGYGGTYWDDTAAGTCTGWWGTKAAARBSYVBGGCTYAACTCSDKDRDDBKCDTTGGAAACTGKNWRRCTWGAGTRCWRRAGRGRWRAGYGGAAYTMCWDGTGTAGMGGTGAAATGCGTAGAKATDWGKARGAAYRCCRRTGGGCGAAARGCRRCYYHCTGGGNHDRHMACTGACGYTNADGGCKCGAARGCSWGGGGGKGAKCRAACRGGGATTAGATACCCCYGGGTAG
Bacteria_Firmicutes_Negativicutes_Veillonellales_Veillonellaceae_Veillonella_rogosae,TCTATACTATGGGCAGCAGTAAGGAATHTTSSDCAATGGRSGVAAASYCTGAHSSAGCVAHKYMGCGTGHVBGAWGRMGGHYYTWYGGDTYGTAAAVBDCTKTYRNHVRDSRHBAANVNDHNNBDBVBKRRHWVBDNNNNNNNDWGMVGGTABYBDVHNARDAAGSVMCGGCTAAHTMCGTGCCAGCAGCCGCGGTAATACGTAKGKSSCRAGCGTTRTCCGGAWTTATTGGGCGTAAAGCGCGCGCAGGCGGWTCHRRTHAGTCTGWMKTWAAAGKYYGGGGCTTAACCCYRKKAYGSKWTGGAAACTGYTKAWCTWGAGTRTMGGAGRGGAAAGTGGAATTCCTAGTGTAGCGGTGAAATGCGTAGAKATDWGGGARGAAYACCRRTGGGCGAARGGCRRASYYYYTGGNHBDHWAACTGACRCTSAKGMKCGAAAGCSVWGGGKGAGCRAACRGGATTAGGATACCCCYGGGTAG
Bacteria_Firmicutes_Clostridia_Clostridiales_Lachnospiraceae_[XIV]_Stomatobaculum_sp._HMT_097,MTTSSDCAATGGRSGVRGASYCTGAHSSAGCVAHGYMGCGTGHRKGAWGRMGKHYYTMTGGDWYGTAAAVYKCTDTYRNNNRDSRHBAANVNNNNNBNNDBNRRHWNNDNVNNNNNDTGMVKGTABYGNNVNNARDAAGSVMCGGCTAAYTMCGTGCCAGCAGCCGCGGTAATACGKARGKBSCRRGCGTTRTCCGGATTTAYTGGGYGTAAAGGGAGCGCAGRCGGTTRCRCAAGTCTGAAGTGAAATCCCGRGGCTTAACCACGGGACTGCTTTGGAAACTGTKYRACTTGAGTRYMRGAGGGGMRRGYGGAATTCCWWGTGTAGCGGTGAAATGCGTAGATATNWSGARGAACWCCRRGWKGCGAARGSCRRGSYYDYKGGGNNNRHWAACTGACGYTBAGDGGYKCGAARGGYSHGGGKGRGAKCRAACRGG
Bacteria_Fusobacteria_Fusobacteriia_Fusobacteriales_Fusobacteriaceae_Fusobacterium_sp._HMT_203,ATTGGACAATGGASSRMRASYCTGATCCAGCAATTCTGYGTGCACGAWGAMGKKTTTTTCGGAWTGTAAAGTGCTTTCAGYWGGGAAGAAAGTCAATCACGTGKGARDRWRTGACGGTACCWRCAGAAGAAGYGACGGCTAAATACGTGCCAGCAGCCGCGGTAATACGTATGTCACRAGCGTTATCCGGATTTATTGGGCGTAAAGCGCGTCTAGGTGGTTATRTAAGTCTGATGTGAAAATGCAGGGCTCAACTCTGTATTGCGTTGGAAACTGTGTAACTAGAGTACTGGAGAGGTAAGCGGAACTACAAGTGTAGAGGTGAAATKCGTAGAKATDWGKARGAAYRCCRRWGGSGGAARSCRRCYYHYKGGGVHDDDWACTGACRCTVADGYKCGAAAGYSWGGGGKAGCRAACRGGGATTAGGATACCCCYGGGTAG
Bacteria_Firmicutes_Clostridia_Clostridiales_Peptostreptococcaceae_[XI]_Peptostreptococcus_stomatis,TCTATACTATGGAGGCAGTGGGGAATMTTSSDCAATGGRSGVAGASYCTGAHSSAGCVAHKYMGCGTGMRBGAWGRMGKHYYTMYGRDWYGTAAASYKCTDTYGVNNNRDSRHBARNVNNHNNNNBNBKRRHHNNNNNNNNNDDTGMVRGTANYNNVANNARDAAGBVMCGGCTAAHTMCGTGCCAGCAGCCGCGGTAATACGKAGGKBSCDAGCGTTRTCCGGATTTAYTGGGCGTAAAGGGTGCGTAGGTGGTCCTTCAAGTCGGTGGTTAAAGGCTACGGCTCAACCGTAGTAMGTCYKYSGAAACTGKWKRACTTGAGTGCAGRAGRGGARAGTGGAATTCCHWGTGTAGCGGTGAAATGCGTAGATATDDGGGARGAACWCCRRTDGCGAARGCGRRGCYYWCTGGGNBGBRGHWACTGACRCTKARGGHDCGAARAGYSHGGGGGKAKCRAACRGGGATTAGGATACCCTGGGTAG
Bacteria_Firmicutes_Bacilli_Lactobacillales_Aerococcaceae_Abiotrophia_defectiva,CMTTSSRCAATGGRSGVARASYCTGAYSSAGCVAYKCYGYGTGMRBGAWGAMGKHYTTACGGDWYGTAAASYBCTKTYRNHHRDGAVSAANVVNBBDBDKDBKRDMHDBHHVNNVNDDWTGASGGTANYDDVHBARDAAGSVMCGGCTAAMTACGTGCCAGCAGCCGCGGTAATACGTAGGKSGCRAGCGTTRTCCGGAWTTATTGGGCGTAAAGGGMGTGTAGGCGGTCTTTTAAGTCTGRKGTGAAAGCSYRYGGCTYAACCRYRKWRSGTCMBTGGAAACTGKBGARRCTTAGAGTGCAGRAGAGGARAGYGGAATTCCWWGTGTAGCGGKTAGAAATGCGTAGAKATHWGGGARGAAYACCRRTGGCGAARGGCRRGCTYWCTGGGNYNKYWACTGACGCTSAKGGCHDACGAAAGGCSWGGGKGAGCRAACAGGGATTARRWWMCCCYKGGTAG
Bacteria_Firmicutes_Clostridia_Clostridiales_Lachnospiraceae_[XIV]_Lachnoanaerobaculum_umeaense,MTTSSRCAATGGARSGVAASYCTGAYSSAGCVAYKYHGCGTGMRBGAWGRMGKYHYTWYGGDWYGTAAAVYKCTDTYRNHHRNSRVKMAHRNNNNNNNNDBKRRHWVNNNVNNNNNDTGAMGGTANYDDVHBARDAAGSVMCGGCTAAHTMCGTGCCAGCAGCCGCGGTAATACGKARGKBSCRAGCGTTATCCGGATTTACTGGGTGTAAAGSGAGCGCAGACGGCRRTGCAAGTCTGAAGTGAAAGGCGTGGGCTCAACCCATGAACTGCTTTGGAAACTGYDTRRCTTGAGTGYMRRAGRGGWRAGYGGAATTCCWWGTGTAGCGGTGAAATGCGTAGAKATNWGGARGAAYACCRRWGGCGAARGSCSRRCYYHYTGGGNHDRHWAACTGACGYTSAGKGYDCGAAGRGCSWGGGGKAGCGRAACRGG
Bacteria_Firmicutes_Clostridia_Clostridiales_Lachnospiraceae_[XIV]_Lachnospiraceae_[G-2]_bacterium_HMT_096,MTTSSDCAATGGRSGVAGASYCTGAHSSAGCVAHGYMGCGTGHVBGAWGAMGKHYTTAYGGDWYGTAAASBDCTDTYRNHYATGGTCAAGCCGCAACTNGNGRVKADNVNNNNNNDNDBDRVHHNNNNNNNNNNDWGMVRKTANCDDVHBARDAAGSVMCGGCTAAYTMCGTGCCAGCAGCCGCGGTAATACGKAGGKBSCRAGCGTTRTCCGGAWTTAYTGGGYGTAAAGGGAGCGCAGACGGCTWKGCAAGTCTGAAGTGAAAGCCCGGGGCTTAACCCCGGGGACTGCTTTGGAAACTGYGAAGCTAGAGTGTCGGAGAGGTAAGTGGAATTCCMWGTGTAGCGGTGAAATGCGTAGATATWGDGGARRGAACACCRGWGGCGAARGCGRCTYWCTGGGHYDRWWACTGACGYTGAGGMDCGAARRGCSWGGGKGAGCRAACRRGATTAGGATACCCTGGGTAG
Bacteria_Firmicutes_Negativicutes_Veillonellales_Veillonellaceae_Veillonella_parvula,ATWGASKWHWSWGGMRGCAGYRRTGGARWCTTCSGCAATGGRCGMAAGYCTGACSGAGCAACGCCGCGTGAGTGAWGAMGGCYYTTCGGRTYGTAAAGCTCTGTTRWTMGRGAMGAAMRRBYYWYWKRSDAAYWGTKAGDRSRWKTGACGGTAYCKRAMYAGAAAGCCACGGCTAACTACGTGCCAGCAGCCGCGGTAATACGTAGGTGGCAAGCGTTGTCCGGAATTATTGGGCAGGTAAAGCGCGCGCAGGCGGATYRGTYAGTCTGTCTTAAAAGTTCGGGGCTTAACCCCGTGAKGGGATGGAAACTGCYRATCTCAGAGTATCGGAGAGGAAAGTGGAATTCCTAGTGTAGCGGTGAAATGCGTAGATATWWGGGARGAAYWCCRRTGGCGAAGRGCRRCTYWCTGGNHBRWHAACTGACGCTSARGMKCGAAAGCSWGGGKGAGCRAACRGGGATTAGGATACCCCCGGGTAG
Bacteria_Fusobacteria_Fusobacteriia_Fusobacteriales_Fusobacteriaceae_Fusobacterium_nucleatum_subsp._vincentii,MTTGGRCAATGGRSSVAGASYCTGAYCCAGCRAYKCYGYGTGMRYGAWGAMGKCYYTTTTCGGRWYGTAAASYKCTKTYRKYWGGGAAGAARVRGKRYDRKNDBRRHHNNBBNNYNWRRTGACGGTACCWRMRGAAGAAGYGMCGGCTAAATACGTGCCAGCAGCCGCGGTAATACGTATGTCACRAGCGTTATCCGGATTTATTGGGCGTAAAGCGCGTCTAGGTGGTTATRTAAGTCTGATGTGAAAATGCAGGGCTCAACTCTGTATTGCGTTGGAAACTGWRTAACTAGAGTACTGGAGAGGTAAGCGGAACTACAAGTGTAGAGGTGAAATKCGTAGATATWTGKAGGGAAYRCCRRTGGSGRAARSCRGCTYWCTGGGHYWGWWACTGACGCTRARAGCKCGAAAGCGTGGGGKAGCRAACAGGGATTAGGATACCCYCGGGTAG
Bacteria_Firmicutes_Clostridia_Clostridiales_Lachnospiraceae_[XIV]_Stomatobaculum_longum,MTTSSDCAATGGRSGVAGASYCTGAHSSAGCVAHKYMGCGTGHRBGAWGRMGKHYYTWYGGDWYGTAAAVYDCTDTYRNHHRDSRVBADNVNNNNNNDKRBKVDHHVNBNNNNNNNDTGMVKGTANYDDVNBARDAAGSVMCGGCTAAYTMCGTGCCAGCAGCCGCGGTAATACGKAGGKBSCRAGCGTTRTCCGGATTTTAYTGGGYGTAAAGGGAGCGCAGACGGCTYTGCAAGTCTGAAGTGAAAGCCCGCGGCTTAACCGCGGGACTGCTTTGGAAACTGCARGGCTTGAGTATCGGAGGGGCAGGCGGAATTCCTAGTGTAGCGGTGAAATGCGTAGATATHWGGARGAACACCRRTGGGCGAARGGCRRCYYDCTGGGNYNRWWACTGACGYTGAGGGMKCGAARGSCSWGGGKRGAGCRAACRGG
Bacteria_Actinobacteria_Actinobacteria_Actinomycetales_Actinomycetaceae_Actinomyces_graevenitzii,YRYRKMTCKWGGAGGCAGCAGTGGGATMTTSSRCAATGGRSGVAASYYCCTGAYSSAGCVAYGCCGCGTGMRKGAWGRMGGGHYTTCTGGDWYCGTAAAVYKCTKTYRDHVRNGRNSAANVVNHNNNNKDBDRRHNDDNNVNNDNNDWGASKGTANYBDVHNARDAAGSVMCGGCTAACTMCGTGCCAGCAGCCGCGGTAATACGTAGGKBSCRAGCGTTRTCCGGAWTTATTGGGCGTAAAGVGCTCGTAGGCGGYTGGTYGCGTCTGYCGTGAAAWACYTCYGGCTYAACYGGGGGCKTGCGGTGGGTACGGGCYGRCTWGAGTGCRGTAGGGGWRACTGGAAYTCCTGGTGTAGCGGTGRAATGCGYAGATATMWGGGARGAACACCGRTGGGCGAARGCRGSGTYWCTGGDGCYGTWACTGACGCTGAGGRGMKCGAAAAGCRTGGGGGGGAGCRAACAGGATTAGGATACCCCCGGGTAG
Bacteria_Firmicutes_Bacilli_Lactobacillales_Streptococcaceae_Streptococcus_anginosus,MTTSSDCAATGGRSGVAASYCTGAHSSAGCVAHKYHGYGTGMRBGAWGRMGGYYYTMTGGRYYGTAAASYKCTKTYRBHHRKSARKWMNRDVNRBVVVDRTGGAANNKKSHKNBDDTGMVKGTASYKDVHNARDAAGSRMCGGCTAAHTMCGTGCCAGCAGCCGCGGTAATACGTAGGKCSCGAGCGTTRTCCGGATTTATTGGGCGTAAAGCGAGCGCAGGCGGTTAGAAAAGTCTGAAGTGAAAGGCAGTGGCTCAACCATTGTAGGCTTTGGAAACTGTTTAACTTGAGTGCAGAAGGGGAGAGTGGAATTCCATGTGTAGCGGTGAAATGCGTAGATATRWSGRARRGAAHWCCGRGTKGCGAARGCRGGCTCTYKCKGGGHBYRYMACTGACGCTGARGCTCGAAAGYGYGGGKRAKCRAACAGGGATTAGGATACCCYGGGTAG
Bacteria_Bacteroidetes_Bacteroidia_Bacteroidales_Prevotellaceae_Prevotella_pallens,MTTSSDCAATGGARSGVRASYCTGAHSSAGCVAHGYMGCGTGMRKGAWGAMGGYYYTHYGGRTYGTAAASYKCTKTYRBNHGDGRRKAANDDNHDBBRBDKDDVVNDNNHVNHDNNDTGHMKGTABCDNMHBARDTAAGSVMCGGCTAAYTMCGTGCCAGCAGCCGCGGTAATACGKARGKYSCRRGCGTTRTCCGGAWTTATTGGGYKTAAAGSGAGYGYAGGCGGTWWRWTAAGYSTGWWGTKAAAKKYWGDKGCTYAACMWYTTRRYWYGCWKYGSRAACTGKYDTRACTTGAGTRCASRMRRSGWRDGYGGAATTCVWBGTGTAGCGGTGAAATGCKTAGATATVWBGARGAACWCCGRTKGCGAARAGGCRGCWBWCKGGGDBYRYWACTGACGCTKARAGMKCGGAARRGGBTGYRBGGGGGGKAKCGRGAACAGGGATTAGRWWMCCCYGGSWRG
Bacteria_Firmicutes_Clostridia_Clostridiales_Peptostreptococcaceae_[XI]_Mogibacterium_diversum,MTTSSRCAATGGRSGVAASYCTGAYSSAGCVAYGCCGCGTGMRKGAWGRMGKHYTTMTGGDWYGTAAASYKCTKTYVNHHRDGRHSAANVVBHNHBDKDNBNVHHNNNNVNNNNDDTGASGKTANYDDVNNARVAAGSVMCGGCTAACTMCGTGCCAGCAGCCGCGGTAATACGTAGGKSSGCRAGCGTTRTCCGGAWTTATTGGGCGTAAAGAGTGCGTAGGTGGTTACCTAAGCGCAAGGTTTAATTTAGAGGCTCAACCTCTACTTGCCTTGCGAACTGGGCTACTTGAGTGCAGGAGGGGAAAGCGGGAATTCCTAGTGTAGCGGTGAAATGCGTAGATATKAGGARGAACACCRGYGGCGAAGGCGRGGCTYWCTGGGMSNRYAACTGACRCTGARGGCDCGAAAAGCGWGGGGKAGCRAACAGG
Bacteria_Firmicutes_Bacilli_Lactobacillales_Lactobacillaceae_Lactobacillus_gasseri,MTTSSRCAATGGRSGVAGASYCTGAYSSAGCRAYGCCGCGTGMRKGAWGAMGGTBYYTCGGVTYGTAAASYKCTKTYRCKHNKDSAMRARVSRBWRHDDDRSBRRHWRKDYVWHDHDDTGASGGTANYNDVHBARDAAGBVMCGGCTAACTACGTGCCAGCAGCCGCGGTAATACGTAGGKBSCRAGCGTTARTCCGGAWTTATTGGGCGTAAAGVGMKYGYAGGCGGTTHNWYRMGTCTGMWGTKAAAGSCYBYGGCTYAACCRBRGDDKBKCGRCWKYRGRAACKGKBDRACTTGAGTGCARRAGRGGAKAGTGGAAYTCCWKGTGTAGCGGGTGRGAATGCGYAGATATMWGGARGAACACCRRTGGCGAAARGCRRGSTNYCTGGGNYTYRHMACTGACGCTGAGGGRGCHBSGAAAGCRWGGGGKKANCGRRAMVVRRDWWDRKRHTACCCYGGGTAG
Bacteria_Bacteroidetes_Bacteroidia_Bacteroidales_Prevotellaceae_Prevotella_nanceiensis,MTTSSDCAATGGRBGVRGAVYCTGAHSSAGCVAHGYMGCGTGMRKGATHGAMKGYYYTMYGGRTYGTAAASYKCTKTYRDNNGDGRMKAANVDNNDBBWBRBDRRHWRNNHVNNNNHDTGHMKGTABCNNHHBARDAAGSVMCGGCTAAYTMCGTGCCAGCAGCCGCGGTAATACGKARGKYSCRRGCGTTRTCCGGAWTTATTGGGYKTAAAGSGWTGCGYAGGCSGTTWGWTAAGYSTGMWGTKAAAKDYWGKGGCTYAACCWYWRWMKYGCWKYGSRAACTGKYKTRACTTGAGTRCRBRRKRGGWRRGYGGAATTCSWBGTGTAGCGGTGAAATGGCKTAGATATNWSGARGAACWCCGRTKGCGAAGRGGCRGSYBWCBGKVNHRYWACTGACGCTKARAGMDCGAAGRGGTYGTYGGGGGKAKCRGAACARRGGGAYTAGGRWWMCCSBKRGTAG
Bacteria_Firmicutes_Bacilli_Lactobacillales_Lactobacillaceae_Lactobacillus_fermentum,CMTTSSRCAATGGRSGVAASYCTGAYSSAGCRACRCCGCGTGNGKGAWGAMGGGBYTTCGGVTYGTAAASCNCTGTTARWWAVRDAGAMGAAVRVKHDWBDKRBDRRWMDKKHSWBDVDKTGACGGTAHYBDMMBAGWAAGBSMCGGCTAACTACGTGCCAGCAGCCGCGGTAATACGTAGGTSSCRAGCGTTRTCCGGATTTATTGGGCGTAAAGMGAGYGCAGGCGGTTWKHTAAGTCTGWWGTKAAAGSCYBBGGCTYAACCVKRGWWGYGCWTYGGAAACTGBNWDWCTWGAGTRCMRRAGRGGRKAGTGGAAYTCCWWGTGTAGCGGTGRAATGCGTAGATATDWGGARGAACACCRRTCGGCGAAARGCRRCTMYCTGGGNYYGYAACTGACGCTGAGRYKCGAARGCRKWGGGGKAGCRAACAGGATTAGATACCCCYGGGTAG
Bacteria_Fusobacteria_Fusobacteriia_Fusobacteriales_Leptotrichiaceae_Leptotrichia_hongkongensis,MTTSSRCAATGGRSSVARASYCTGAYSSAGCVAYKCYGYGTGMRBGAWGRMRGKYYTTCGGRWYGTAAASYDCTKTYRNHHGDSAMGAANVVNNNNNDKNNNVDNNNBNNVNNNNDDTGACGGTANCDDVMBARDAAGBVMCGGCTAAMTACGTGCCAGCAGCCGCGGTAATACGTAKGKSSCRAGCGTTRTCCGGAWTTATTGGGCATAAAGGGCATCTAGGCGGCCYTRTAAGTCTAGGGTGAAAACCTGCGGCTCAACCGCAGGCYTGCCCYGGAAACTAYARGRCTRGAGTAYYGGAGAGGTGGRCGGAACTRCACGAGTAGAGGTGAAATTCGTAGATATKTGYAGGGAATRCCGATGRYGAAGRYRGYYYNCTGGGDCKRWWACTGACGYTVARGYKCGAAAGCKDGGGKGGAGCRAACAGGGATTAGGATACCCCYGGGTAG
Bacteria_Firmicutes_Clostridia_Clostridiales_Peptoniphilaceae_Parvimonas_micra,MTTSSRCAATGGGRSCGVRASYCTGAYSSAGCRAYKCYGYGTGMRYGAWGAMGKWYTTCGRWTYGTAAAGYKCTKTYVKHWGRGAAGAABRRBKSWKWGAGTRRMHWKWYMHVVHWRTGACGGTAHCWDMVSARRAAGSSMCGGCTAAMTACGTGCCAGCAGCCGCGGTAATACGTAKGKSSCGAGCGTTGTCCGGAATTATTGGGCGTAAAGGGTACGTAGGCGGYYTTTTTAAGTCAGGTGTGAAAGCGTGRGGCTTAACCTCATTAAGCACTTGAAACTGGAAGRCTTGAGTGAAGGAGAGGAAAGTGGAATTCCWWGTGTAGCGGTGAAATGCGTAGATATWWGGAGGAAYACCGRTGGCGAARGGCRRCTYTCTGGGHYKKTWACTGACGCTSAGGGYDCGAAAGCSWGGGGGAGCRAMMAGG
Bacteria_Saccharibacteria_(TM7)_Saccharibacteria_(TM7)_[C-1]_Saccharibacteria_(TM7)_[O-1]_Saccharibacteria_(TM7)_[F-1]_Saccharibacteria_(TM7)_[G-1]_bacterium_HMT_352,MTTSSDCAATGGRSGVAASYCTGAHSSAGCVAYGCCGCGTGNRKGAWGRMGKHYCTTCGGDWYGTAAASYNCTDTYRDNVGNSRVSADNVNNHDDVNBDBDDRWANNNDNDNNNDDTWKAGASRKTANBNNVNNARDAAGSVMCGGCTAACTMCGTGCCAGCAGCCGCGGTMATACGKAGGGBGCRAGCRTTAWYCGGARTNACTGGGCGTAAAGAGTTGCGTAGGCGGTTTAATAAGTGAATAGTGAAACCTGGTGGCTCAACCATACAGACTATTATTCAAACTGTTAAACTCGAGARTGGTAGAGGTAACTGGAATTTCTAGTGTAGGAGTGAAATCCGTAGATATTWGVAGGAACRCCGRTGGGCGWARGGCMRGSTYWCTGGNGYYRTWWCTGACGCTRARGDGHDCGAAAGCDHGGGKGAGCRAACMSG
Bacteria_Firmicutes_Clostridia_Clostridiales_Peptostreptococcaceae_[XI]_Peptostreptococcaceae_[XI][G-1]_sulci,HTTSSDCAATGGRSGVAGASYCTGAHSSAGCVAHKYYGYGTGMRBGAWGAMGGHYTTAYTGGDTYGTAAASYKCTKTYVBHVDDGRVBAANVDDYBBNNDDRNBNNHNNHNNNNNNDNDTGAVRKTANYBDNNBARDAAGSVMCGGCTAACTACGTGCCAGCAGCCGCGGTAATACGTAGGKSGCRAGCGTTRTCCGGAWTTATTGGGCGTAAAGRGYGCGYAGGYGGYWHMWTAAGYSYRRKGTKWAAGSCMRBGGCTYAAACCRTKGBWBGTCHTTGSRAACTGGKKWRCTTGAGTGCAGRAGRGGARAGTGGAATTCCWNGTGTAGCGGTGAAATGCGTAGAKATDWGGARGAAYACCRRWGGCGAARGGGCRRCYYHYTGGGDMDDDWACTGACRYTSAGKGYDCGAARGCSWGGGKGAGCGRAACRRG
Bacteria_Fusobacteria_Fusobacteriia_Fusobacteriales_Leptotrichiaceae_Leptotrichia_sp._HMT_221,MTTSSDCAATGGRSGAVRASYCTGAHSSAGCVAHKYHGYGTGMRBGAWGAMGGYYTTTTMTGGRTYGTAAASYKCTKTYRDHHDDGRMKAANNVNHNNBDBNBDRRNWDNDNVNNDNDDTGAMGGTABYDDVHBARDAAGSVMCGGCTAAMTMCGTGCCAGCAGCCGCGGTAATACGTAKGKSVCRAGCGTTRTCCGGAWTTATTGGGCRTAAAGGGCATCTAGGCGGWTATDCAAGTCAGGGGTGAAAACTTAGGGCTCAACTCAAAAGCTTGCCTTTGAAACTGTDTATCTAGAGTGYTGGAGAGGTGGRCGGAACTACACGWGTAGAGGTGAAATTCGTAGATATKTGBAGGGAAYRCCGRTGRYGAAGRYAGYYYWCTGGDMDRHHACTGACGCTRARAGYKACGAAAGCGTNDRGGKGRGCRAACARGRATTAGRWWMCCCYGGGTAG
Bacteria_Absconditabacteria_(SR1)_Absconditabacteria_(SR1)_[C-1]_Absconditabacteria_(SR1)_[O-1]_Absconditabacteria_(SR1)_[F-1]_Absconditabacteria_(SR1)_[G-1]_bacterium_HMT_875,MTTSSDCAATGGRSSVRRASYCTGAHSSAGCVAHKYYGYGTGMRBGAWGRMDBHCYTWYGGDDYGTAAAVYKCTKTYDNNNDNGRHBAHNVNVNNNNNBDNKRRHWRKDNNNNDNDDTGMVGGTABBNNVHNARDAAGNVMCGGCTAAHTMCGTGCCAGCAGCCGCGGTAATACGKARGKBBCRRGCGTTRTCCGGAWTTAYTGGGYGTAAAGBGHSCGYAGKCKGWCWHNDTAAGTCDGHNKTBAAAKSCYVYGRCTYAAYCRTRGWNVGGSNDTGGAWACTGBHDWWCTWGARKKMWSDAGGGGWKASTGGAATTYCHKGTGKAGCGGTGAAATGCGTWGATATMDGRARGAACRCCGRGWRGCGAARGCRGSTHWCTRKVBHRHWMYTGACGMTGARGSGDCGAMAGYKTGGGGKGAKCRAACAGG
Bacteria_Proteobacteria_Betaproteobacteria_Neisseriales_Neisseriaceae_Neisseria_oralis,TGATACGTCTGGAGGCAGCTGGGGAATHTTSSDCAATGGRSGVAGASYCTGAHSSAGCVAHKYYGCGTGHVKGAWGRMGGHYYTMTGGDTYGTAAASBDCTKTYRBHHDNSRNBAANVNNNNNGMKWVKBDWAMNHNHNBDBNDDRBWGAVGKTANCHDDVHNARDAAGSVMCGGCTAAMTMCGTGCCAGCAGCCGCGGTAATACGKAGGGTGCGAGCGTTAATCGGAATTACTGGGCGTAAAGCGRGCGCAGACGGTTACTTAAGCAGGATGTGAAAATCCCCCGGGGCTCAACCYGGGAATTGCGTTYTGAACTGGGTRGCTAGAGTGTGTCAGAGGGGGGTAGGAATTCCACGTGTAGCAGTGAAATGCGTAGAGATGTGGGAGGAATACCGAWGGGCCGAAGGCAGCCYCYCTGGGGGAWDDYACTGACGYTCATGYBCCGAAAGCGTGGGGKAGCAAACAGG
Bacteria_Proteobacteria_Betaproteobacteria_Burkholderiales_Burkholderiaceae_Lautropia_mirabilis,HTTSSRCAATGGRSGVAASYCTGAYSSAGCVAYGCCGCGTGHVKGAWGAMGKHYTTACGGDWYGTAAASBWCTDTYRDHVKDVAVGAAVRNNNBNBDKNBDRRHWVBNHNDNNNDDTGACGKTANMBDMVBARDAAGSVMCGGCTAACTMCGTGCCAGCAGCCGCGGTAATACGKAGGKYGCGRAGCGTTRWYCGGAATTAYTGGGCGTAAAGMGYRCGCAGGCGGTTWKDYAAGWCYGATGTGAAAKSCCSKGGCTTAACCHKGTGWAYTGCWTTKSWDACTGBDWRRCTWGAGTRYDKHAGGRGRRGRRGTRGAAYTCCRYRTGTAGCRGTGAAATGCGTAGAKATDHGGARGAAYACCGRTGGCGAARGCRGCYYYYTGGDGMDDDHACTGACGYTSAKGYDCGAAAGCGTGGGGRKGAGCRAACAGGGATTAGATACCCCYGGGTAG
Bacteria_Fusobacteria_Fusobacteriia_Fusobacteriales_Leptotrichiaceae_Leptotrichia_wadei,CMTTSSRCAATGGRSSVAGASYCTGAYSSAGCVAYKCYGYGTGMRBGAWGAMGKYYTTMTGRRWYGTAAASYDCTKTYRNHHRDSAMSAANVNNNNBNDKRBKRNHHNNNNNDBDNDDTGASGGTABCDDVVBARDAAGBVMCGGCTAAMTACGTGCCAGCAGCCGCGGTAATACGTAKGKYVCRAGCGTTATCCGGAWTTATTGGGCRTAAAGGGCRTCTAGGCGGCCRGATAAGTCTGGGGTGAAAACTTGCGGCTCAACYGCAAGCCTGCCCTGGAAACTATGCGGCTAGAGTRCTGGAGAGGTGRRCGGAACTRCAMGWGTAGAGGTGAAATTCGTAGATATBTGBAGGGAATGCCGATGRYGAAGRYAGYTYWCTGGRCKGGHWACTGACGCTRARGYGCGAAAGCKWGGGKRAGCRRAACAGGATTAGATACCCCCGGGTAG
Bacteria_Firmicutes_Negativicutes_Veillonellales_Veillonellaceae_Veillonella_sp._HMT_780,MTTSSRCAATGGRSGVAASYCTGAYSSAGCRACGCCGCGTGARKGAWGAMGGCHYTTCGGDTYGTAAAVYNCTKTYRNWMRDSRMVRAHRVBBNHNDBRBDRRHHNKDHVNNVNDKWGASGGTABBKDVMNARDAAGSSMCGGCTAACTACGTGCCAGCAGCCGCGGTAATACGTAGGKSGCRAGCGTTGTCCGGAATTATTGGGCGTAAAGMGMGCGCAGGCGGHYTAKYCAGTCTGTCTTAAAAGTTCGGGGCTCAACCCCGTGATGGGATGGAAACTRSTRRKCTRGAGTATCGGAGAGGAAAGYGGAATTCCTAGTGTAGCGGTGAAATGCGTAGATATWWGGARGAACACCRGTGGCGAARGCGRCYYYCTGGDHDRWWAACTGACGCTGAGGYKCGAAAGCBWGGGKRAGCRAACRGGGATTAGGATACCCCCGGGTAG
Bacteria_Firmicutes_Clostridia_Clostridiales_Lachnospiraceae_[XIV]_Oribacterium_asaccharolyticum,ATATCGCGAGGGAGGCCAGTAGAGAATMTTSSRCAATGGRSGVARASYCTGAYSSAGCVAYKCYGYGTGHRBGAWGRRMGKHYTTCGGDWYGTAAASYDCTDTYRNHHRNSRHSARNVVNNNNBDKDBDRNHHNNNNNNNNNDDWGASRKTANYGDDVNNARDAAGSVMCGGCTAAMTMCGTGCCAGCAGCCGCGGTAATACGKAGGKBSCRAGCGTTRTCCGGATTTACTGGGTGTAAAGGGAGCGTAGACGGAGTGGCAAGTCTGAAGTGAAAACCCTGGGCTYAACCYDGGGACTGCTTTGGAAACTGTTWAWCTWGAGTGYWGRAGRGGWRAGTGGAATTCCWDGTGTAGCGGTGAAATGCGTAGATATHWGGARGAACACCGRWGGCGAAGGRGCRGSYYHCTGGGNHNRHWACTGACGYTSARRMKCGAAAGCRTGGGKGAKCRAACAGG
Bacteria_Proteobacteria_Gammaproteobacteria_Pasteurellales_Pasteurellaceae_Aggregatibacter_segnis,TACACGTGATGGAGGGCAGTGGGGAATHTTSSDCAATGGRSGVRASYCTGAHSSAGCVAHGYMGCGTGHVKGAWGRMGGHYYTMTGGDTYGTAAASBDCTKTYRNHNRNSRVBMANVNNHDNBNNNKDRRHWNNNNNNNNNDDWGMVKKTANYHDNHBARDAAGSVMCGGCTAAYTMCGTGCCAGCAGCCGCGGTAATACGKAGGKKGCRAGCGTTRWYCGGAATWAYTGGGCGTAAAGGGCACGCAGGCGGHYWBTTAAGTVDGRTGTGAAAKCCCCGGGCTTAACCTGGGAATTGCRTTKSRDACTGGSWRDCTAGAGTRCKKTAGGGRRGRGTRGAATTCCAYGTGTAGCGGTGAAATGCGTAGAKATNWGGARGAAYACCRRWGGCGAARGCRRSYYYYTGGAVHGHDDWACTGACGCTSAKGHKCGAAAGCSWGGGGRAGCGRAACRGG
Bacteria_Firmicutes_Bacilli_Lactobacillales_Streptococcaceae_Streptococcus_intermedius,MTTSSRCAAGTGGGSGVRASCCTGAYSSAGCRACGCCGCGTGAGKGAWGAMGGHYTTCTGGDTYGTAAASCTCTKTTRKHRRGGAVNAABVDDHGHVDVRWKRRHWAKNYNNHDYNNTGAVKGTACYTDAYSARWAAGSVMCGGCTAACTACGTGCCAGCAGCCGCGGTAATACGTAGGKSSCRAGCGTTRTCCGGAWTTATTGGGCGTAAAGMGMGYGYAGGYGGYTHVDTVAGTBTGWHGTKAAADBBHVBGGCTYAACTBVBDKNDBGKCDDTGGRAACBGKBDDRCTWGAGTRYNGRAGRGGARAGTGGAAYTCCWDGTGTAGCGGTGRAATGCGYAGATATMWGGGARGAACACCRGTGGCGAARGCGGSTCTCTGGNCYGTWACTGACGCTGAGGMKCGAAAGCRTGGGKGAKCRAACAGGGATTAGGATACCCCCGGGTAG
Bacteria_Firmicutes_Clostridia_Clostridiales_Ruminococcaceae_Ruminococcaceae_[G-1]_bacterium_HMT_075,ATTGSRCAATGGARSGVAASYCTGAYSCAGYVAYDYYGYGTRHRKGAWGAMGGYYTTMTGGRTTGTAARSYDYTKTYRKDHRDGRNKAAVVHDHVNVWVWGTRRWWDBDDVNNDNNNTGAMSRTACNYDBMNSARDAAGSVMYGGCTAAMTMYGTGCCAGCAGCCGCGGTAATACRKAKGKBSCGAGCGTTRTCCGGAWTTATTGGGYGTAAAGSGHGCGYAGGCGGBDWRWTAAGTCWGKAWGTKAAAKSCYBBGGCTYAACYSRKRRWHYGCWWYKGAAACTRKDHDWCTTGAGTRYHRRAGRGGWRWGTGGAAATTCCWWGTGTAGCGGTGAAATGCGTAGAKATADDGGARGAAYACCRRWGGCGAAGRGCRRCYHHYTGGGNHDRHHACTGACRYTSAGKGGYDCGAAAAGYSWGGGKGAKCGRAACVRG
Bacteria_Bacteroidetes_Bacteroidia_Bacteroidales_Prevotellaceae_Alloprevotella_sp._HMT_473,CGTAGACTAGGGAGGCAGTGAGGAATMTTSSDCAATGGRSGVRASHTCTGAHSSAGCMAHGYMGCGTGMRKGAWGAMKGYYYTMYGGRKYGTAAASYDCTKTYRDNNGRGRMKAAHRDNNNBBWBDKDNNHNNBDHVVNNNNNWGHMKGTABCNNVHBARDAAGSVHCGGCTAAYTMCGTGCCAGCAGCCGCGGTAATACGKARGDYSCRRGCGTTRTCCGGAWTTATTGGGTTTAAAGGGHGCGYAGGCGGWTTRTTAAGTCAGTGGTGAAAGHCVSYGGCTCAACCATMGTTMKGCYWTKGAAACTGGYDRWCTTGAGTGCAGAMRGGGGAKRSTGGAAYTCSWKGTGTAGCGGTGAAATGCKTAGATATVWSGADGGAACWCCRRTBGCGAARGCRGSTBWCYGKNGBYRYAACTGACGCTGARGGMKCGAARGYGYGGGGGKGAKCGRAACAGGGAWTWRGATACCCCYGGGTAGCCGTAGACGTACG
Bacteria_Proteobacteria_Gammaproteobacteria_Pasteurellales_Pasteurellaceae_Haemophilus_paraphrohaemolyticus,TCTACGTAGCGGCAGCAGTAGGGAATWTTGSDCAATGGGSGVAASCCTGAHSCAGCVAYGYCGCGTGDVKGAWGGAMGGCYTTCGGGTTGTAAASBHCTKTYRNYVRSGAVGAARVBKTVDKDKGYHAATABYNHVDBVNRDTGACGKTAMCBYRVHKARDAAGCRCCGGCTAACTMCGTGCCAGCAGCCGCGGTAATACGKRGGGTGCGAGCGTTAATCGGAATAACTGGGCGTAAAGGGCACGCAGGCGGTBABTTAAGTVDGRTGTGAAAKCCCCGGGCTTAACYTGGGDAYTGCRTTYYRWACTGGGTSRCTAGAGTRYKTYAGRGRGRGGTAGAATTCCACGTGTAGCRGTGAAATGCGTAGAKATGTGGAGGAATACCGAWGGCGAAGGCAGCCYCYTGGGAWWRYACTGACGYTCATGYBCGAAAGCGTGGGKGAGCAAACAGG
Bacteria_Firmicutes_Clostridia_Clostridiales_Ruminococcaceae_Ruminococcaceae_[G-2]_bacterium_HMT_085,MTTSSDCAATGGRSSVARASYCTGAHSSAGYVAYKCYGYGTGHRBGAWGRMKKHYTTTMTGRDWYGTAAASYDCTDTYRNHHRDVRWSAAVVDBNBBBWNVBKDDWWNBDDVNNDNDDTGASDGTABYDDNHNARDAAGSNMCGGCTAAMTMCGTGCCAGCAGCCGCGGTAATACGTAKGKNSCRAGCGTTRTCCGGATTTATTGGGYGTAAAGSGWGCGYAGACGGWWABRYAAGTYWGWTGTGAAATRCCKYGGCTTAACTGWGGAACTGCWACTAAAACTATATTTCTTGAGTATCGGAGGGGTTTGTGGAATTCCTAGTGTAGCGGTGGAAATGCGTAGATATWAGGGARGAACACCRRTKGCGAARGCRRCWHWCTGGGVSKRHAACTGACGYTKARGGCDCGAAAGYSHGGGKGAKCRAACRGGATTGATCCTGGTAG
Bacteria_Firmicutes_Clostridia_Clostridiales_Peptostreptococcaceae_[XI]_Peptostreptococcaceae_[XI][G-9]_brachy,MTTSSRCAATGGRSGVAGASYCGTTGAYSSAGCVAYGCCGYGTGMRBGAWGRMGGYYTTYGRTRTYGTAAAVYKACTKTYVNHNDNSRNSAABVNDNNHKDBDBHRRHWNNNNNNNNNDNTGASRKTANBNDVANVARRAAGSVMCGGCTAAMTMCGTGCCAGCAGCCGCGGTAATACGKAKGKSSCRAGCGTTRTCCGGAATTATTGGGCGTAAAGGGTACGTAGGTGGCCTTTTAAGCGTAGGGTATAAGGCAATGGCTCAACCATTGTTCGCCCTATGAAACTGRAAGGCTTGAGTGCAGGAGAGGAAAGYGGAATTCCYAGTGTAGCGGTGRAATGCRTAGATATWWGGAGGAACAYCRGYGGCGAAGAGCGRGCTYTCTGGGWCKRYAACTGACRCTGAGGGYWCGAAAGCGTGGGGGGAGCRAACAGG
Bacteria_Actinobacteria_Actinobacteria_Bifidobacteriales_Bifidobacteriaceae_Alloscardovia_omnicolens,MTTSSDCAATGGRSGVAASYCTGAHSSAGCVAMGYMGCGTGMRKGAWGRMGGYYYTWYGGRTYGTRAASYKCTKTYRNHNRDGRVSMABVNNWVBBRKRSNVDHNNDDNVNBNVDDTGASKGTABYKDNHBARDAAGSVMCGGCTAACTACGTGCCAGCAGCCGCGGTAATACGTAGGKBSCRAGCGTTRTCCGGAWTTATTGGGCGTAAAGRGCTYGTAGGCGGTTTGTCGCGTCTGSTGTGAAAGTCCATCGCTTAAACGGTGGATTKGCGCTGGGTACGGGCAGGCTAGAGTGTAGTAGGGGAGACTGGAATTCYCGGTGTAACGGTGGAATGTGTAGATATCRGGARGAACACCRATGGGCGAAGGGCCAGGTCTCTGGGGCYRTWACTGACGCTGAGRMKCGAAAGCVWGGGGGRAGCRAACRGG
Bacteria_Bacteroidetes_Bacteroidia_Bacteroidales_Prevotellaceae_Prevotella_nigrescens,MTTSSDCAATGGRYGVRGASYCTGAHSSAGCMAHGYMGCGTGMRKGAWGAMKGYYYTWYGGRTYGTAAASYKCTKTTRKDHRRGRAKAAVNDBVNDBWGHBWGRWMRBDWVVBHVNBTTGMMKGTABYDBMHSARWAAGSRHCGGCTAAYTMCGTGCCAGCAGCCGCGGTAATACGKARGKYYCRRGCGTTATCCGGATTTATTGGGTTTAAAGGGAGYGTAGGCKGKMKRTTAAGCGTGTTGTGAAATTTAGGTGCTCAACATTTAACTTGCAGCGCGAACTGTCAGACTTGAGTACACGCAGCGCAGGCGGAATTCATGGTGTAGCGGTGAAATGCKTAGATATVWKGARGGAACWCCGRTBGCGAAAGGGCRGCYYDCGKGGGRSTRTDACTGACGCTKARGCKCGGGAARGGTBBBGGGGGKAKCRGAACARGGATTAGATACCCSBKGGTAG
Bacteria_Proteobacteria_Betaproteobacteria_Neisseriales_Neisseriaceae_Kingella_oralis,HTTSSDCAATGGRCSGVRASYCTGAHSSAGCVAHGYMGCGTGHVBGAWGRMGGYYYTWYGGRTYGTAAASBDCTKTYRNHHGNSRVKARNRNNNNNNDBRBWRDWWNNNNNVNNNDNTGMMGKTANCDDTVHBARDAAGSVMCGGCTAAYTMCGTGCCAGCAGCCGCGGTAATACGKAGGKBSCRAGCGTTRWYCGGAWTTAYTGGGCGTAAAGCGMGCGCAGRCGGTTWRDATAAGYMWGAWGTKAAAAKSCYSKRGCTTAACYWKGGWNCTGCKTTKKRAACTGDYWARCTAGAGTRTRKMAGAGGRGRGTRGGAATTCCAYGTGTAGCRGTGAAATGCGTAGAKATRTGGAGGGAAYACCGRWGGCGAARGCRGCYCYYTGGBHWDDWACTGACGYTSAKGYKCGAAAGCGTGGGGKAGCRAACARGAYTAGATACCYGKWRG
Bacteria_Firmicutes_Bacilli_Lactobacillales_Lactobacillaceae_Lactobacillus_salivarius,CTTCSRCAATGGRSGVAASYCTGAYSGAGCAACGCCGCGTGAGTGAWGAMGGYYTTCGGRTYGTAAARCYCTGTTRWWMRDSAMGAABRVBWKTSDKRSKRRHWDDDHNNHDBDDTGACGGTANYKDMMYAGMAAGBSACGGCTAACTACGTGCCAGCAGCCGCGGTAATACGTAGGKSSCRAGCGTTGTCCGGAWTTATTGGGCGTAAAGSGARCGCAGGCGGTYNDWWAAGTCTGAWGTDAAAGSCTDYGGCTYAACCRKWGWWBTGCWTTGRAAACTGKHNRACTTGAGTGCARRAGRGGAGAGTGGAAYTCCATGTGTAGCGGTGRAATGCGTAGATATATGGARGAACACCRGTGGCGAARAGCGGCTCTCTGGYYTGYAACTGACGCTGAGGGYTCGAAAGCRTGGGGKAGCRAACAGG
Bacteria_Actinobacteria_Actinobacteria_Bifidobacteriales_Bifidobacteriaceae_Bifidobacterium_dentium,MTTSSDCAATGGRSGVAASYCTGAHSSAGCVAMGYMGCGTGMRKGAWGRMGKHYCTWYGGDWYGTAAASYKCTDTYRHHHRDSRHBAAHRRBYDKVAKWDBNRNDCRVDNNNVNBNNTTGCGAATAGTTAGAANDRDTGMVKGTANYBDNNNARDAAGSVMCGGCTAAHTMCGTGCCAGCAGCCGCGGTAATACGKAGGDBSCRAGCGTTRTCCGGAWTTATTGGGCGTAAAGGGCDYGYAGGCGGTBNGTCRMGTCMGBYGTGAAAGSCHVKSGCTTAACKSYGGGHSTTGCVSYGGGTACGGGCDGRCTDGAGTGCGGYAGRGGVGRVTGGGAAYBCBNBGTGTARCGGTGRAATGYGYAGATATVNGGARGAACACCRRTGGGCGAARGCRGGRSTYNCTGGBYYKKHACTGACGCTSAGRMDCGAAAGCRHGGGGKAGCRAACAGG
Bacteria_Actinobacteria_Actinobacteria_Corynebacteriales_Corynebacteriaceae_Corynebacterium_durum,TCTATACTATGGAGGCGTGAGGAATMTTSSDCAATGGRSGVRRASYCTGAHSSAGCVAHGYMGCGTGVRKGAWGGAMGKHYYTMYGGDWYGTAAASYBCTKTYGRBHHKVGAVKAAVVGVNDNNBNBDNKNVHHDNNHNNBNNNDTGMMBKKWHNSWDVHSARDAAGSVMCGGCTAAYTMCGTGCCAGCAGCCGCGGTAATACGTAGGKYSCRAGCGTTRTCCGGAWTTACTGGGCGTAAAGAGCTCGTAGGTGGTGTGTCGCGTCGTCTGTGAAAATTCCGGGGGCTTAACTCCGTGGCGTGCAGGCGATACGGGCACGACTAGAGTGCTGTAGGGGTAACTGGAATTCCTGGTGTAGCGGTGAAATGCGYAGATATHWGGGAGGGAACACCGRTGGGCCGARRGCRGSGTYWCTGGGNGYNGTWACTGACGCTGAKRMKCGAAAAGCRYGGGKGAGCRAACARSRGGGATTWRGATACCCCYGGGTAG
Bacteria_Bacteroidetes_Bacteroidia_Bacteroidales_Porphyromonadaceae_Porphyromonas_gingivalis,HTTSSDCAATGGRSCGVRASYCTGAHSSAGCVAHGYMGCGTGMRKGAWGAMNGYYYTAHGGRTYGTAAASYKCTKTYRNHNGKGRMKAANRNBNBBNDBNBKRVNAVBNDBVNNNNDWAGTGMMKGTABCNDVHBARDAAGSVHCGGCTAAYTMCGTGCCAGCAGCCGCGGTAATACGKARGRKSCRRGCGTTATCCGGATTTATTGGGYKTAAAGSGWGCGYAGGYKGYYBRDTAAGTSWGHDGTKAAANSYKRDSGCTCAACSWYYRRYYYGCHKYKSAAACTGBYDRRCTTGAGTKCRSHRRVSGHRRGYGGAATTCSWBGTGTAGCGGTGAAATGCDTAGAKATNWSGMRGGAACDCCRRYKGCGAARGGCRGCYYDCBRKNVYTRHDACTGACRCTKARGCWCGAAGRGYSYGGGGGKAKCRAACAGGGATTAGRWWMCCCYGGGTAG
Bacteria_Firmicutes_Bacilli_Lactobacillales_Streptococcaceae_Streptococcus_constellatus,MTTSSRCAATGGRSGVAASYCTKAYSSAGCRACGCCGCRTGMGKGAWGRAGKHYTTCGGDWYGTRAASCKCTDTYRNHMRKSRDSMANSHBYDHSHSWKKRKDAASTWBRYRBRDTAGAGASKGTASYKDDNNARDAAGSVMCGGCTAACTACGTGCCAGCAGCCGCGGTAATACGTAGGKSSCRAGCGTTRTCCGGAWTTATTGGGCGTAAAGCGAGCGCAGGCGGTTWGATAAGTCTGAAGTKAAAGGCAGTGGCTCAACCATTGTAGGCTTTGGAAACTGTTTAACTTGAGTGCARRAGGGGAGAGTGGAAYTCCATGTGTAGCGGTGAAATGCGTAGATATATRGGAGGAACACCRGTGGCGAAAAGCGGCTCYCTGGYYTGTMACTGACGCTGAGGCTCGAAAGCGTGGGGKAGCRRAMMAGGGATTAGGATACCCTGGGTAG
Bacteria_Fusobacteria_Fusobacteriia_Fusobacteriales_Fusobacteriaceae_Fusobacterium_NA,ACGCTCGACAGAGCCAGCAGTGAGGAATMTTSSDCAATGGRSSVRRASYCTGAHSSAGCVAHKYHGYGTGHRBGAWTGGAMGKHYYTTMYGGDWYGTAAAVYDCTDTYGRNHNRDSRVKAWNVNNNNBBDBDBNRVHWNNNNVNNNNNDWGMMAKGTANYGNDVNBARDAAGBVMCGGCTAAHTMCGTGCCAGCAGCCGCGGTAATACGKADGKBVCRRGCGTTRTCCGGAWTTAYTTGGGCGTAAAGSGMRYSYAGGYGGYYTWBDTAAGTCTGRWGTKAAARBSYVBGGCTYAACCNYGDGWRBKKTCDTTTGGAAACTGBDWRRCTWGAGTRYWRRAGRGGWRAGYGGAAYTMCWWGTGTAGMGGTCGAAATKCGTAGATATDWGKAGGAAYRCCRRGWGGSGGAARSCRRYTYHCTGGNYDRHWAACTGACGYTRARGYKCGAAAGCKWGGGGGKAGCRAACARGGRWTWRGRWWMMYSBBRGTAG
Bacteria_Firmicutes_Negativicutes_Selenomonadales_Selenomonadaceae_Selenomonas_sp._HMT_136,MTTSSRCAATGGRSGMAASCCTGAYSSAGCVAMGCCGCGTGMRKGAWGRAGGYYTTACGGRTYGTAAASYKCTKTYRHHVRKGAARHSAABVHDNDDVDBDBDDRYARYRCWHHNBRDTGASRGTASYNDDHVARDAAGCVMCGGCTAACTACGTGCCAGCGAGCCGCGGTAATACGTAGGKSGCRAGCGTTRTCCGGAATYATTGGGCGTAAAGGGMGCGCAGGCGGSCNKGTAAGTCTKWCTTAAAAGTKCGGGGCTYAACCCCGTGATGGGAKRGAAACTRYYGRTCTCWGAGTAYMGGAGAGGAAAGCGGAATTCCYAGTGTAGCGGTGAAATGCGTAGATATWDGGGARGAACACCRGTGGCGAARGCGGCYYTYTGGHCKRHAACTGACRCTGAGGCKCGAAAGCBWGGGDGAGCRRAMVGGGATTAGGATACCCCCGGGTAG
Bacteria_Firmicutes_Bacilli_Lactobacillales_Lactobacillaceae_Lactobacillus_ultunensis,CTTCSRCAATGGRCGVAAGYCTGAYSGAGCAACGCCGCGTGAGKGAWGAMGGYYTTCGGRTYGTAAAVCTCTGTTRKHRGDGAAGAAVGRKWKWKRBAGWARAMWGKYMWHDMTKTGACGGTAHYYRAMSAGAAAGYSACGGCTAACTACGTGCCAGCAGCCGCGGTAATACGTAGGTGGCRAGCGTTGTCCGGATTTATTGGGCGTAAAGCGAGCGCAGGCGGWDDRATAAGTCTRATGTGAAAGCCCWCGGCTYAACCGWGGAAYTGCATCGGAAACTGKBWWWCTTGAGTGCAGAAGAGGASAGTGGAACTCCATGTGTAGCGGGTGGAATGCGTAGATATATGGAAGAACACCAGTGGCGAAAGGCGGCTSTCTGGGTCTGYAACTGACGCTGAGGGCTCGAAARCRTGGGGGKAGCRAACAGGRWTWGAKAYMCCYGGGTAG
Bacteria_Actinobacteria_Actinobacteria_Actinomycetales_Actinomycetaceae_Actinomyces_lingnae_[Not_Validly_Published],MTTSSRCAATGGARSGVAASYCTGAYSSAGCVAYGCCGCGTGMRBGAWGRMGKYYTTACGGRWYGTAAASYKCTKTYRBHNRNGRDSAAVVNDBKYBDKDBBRRHDNNNDVDNDNDKTGASGKTAVYNDVHNARRAAGSVMCGGCTAACTMCGTGCCAGCAGCCGCGGTAATACGTAGGGYGCGAGCGTTGTCCGGAATTATTGGGCGTAAAGGGCTTGTAGGCGGTTKGTYGCGTCTGCCGTGAAATCCTCTGGCTTAACTGGGGGCAKTGCGGTGGGTACGGGCWGRCTTGAGTGCGGTAGGGGAGACTGGAACTCCWGGTGTAGCGGTGRAATGCGYAGATATMWGGARGAACACCGRTGGGCGAARGCGGSTYTCTGGDGYYRWWACTGACGCTGAGGMKCGAAAGCGTGGGGGAGCRAACARGGATTAGGATACCCYCGGGTAG
Bacteria_Fusobacteria_Fusobacteriia_Fusobacteriales_Leptotrichiaceae_Leptotrichia_sp._HMT_215,MTTSSRCAATGGRSSVAAASYCTGAYSSAGCVAYKYYGYGTGHRBGAWGAMGKYYYTTCGGDWYGTAAASYDCTKTYRDHNGNGRVKAANNNNNNNNDNNBDRVWHNNNNNNNNNDDTGAMGKTANCDDVVBARDAAGSVMCGGCTAAMTMCGTGCCAGCAGCCGCGGTAATACGTAKGKBSCRAGCGTTRTCCGGAWTTATTGGGCRTAAAGGGCATCTAGGCGGCCTWHCAAGTCAGRGGTGAAAACCTGCGGCTCAACCGCAGGCCTGCCTTTGAAACTGRYAGRCTGGAGTACCGGAGAGGTGGACGGAACTGCACGAGTAGAGGTGAAAATTCGTAGATATGTGSAGGGAATRCCGATGRYGAAGRYAGYTCWCTGGGACDKBAACTGACGCTGARGTKCGAAAGCBDGGGGGAGCRAACGMRGGAWTWRGATACCCCYGGGTAG
Bacteria_Firmicutes_Negativicutes_Veillonellales_Veillonellaceae_Megasphaera_micronuciformis,MTTSSRCAATGGGRCSGVAASYCTGAYSSAGCRAYGCCGCGTGMRKGAWGRMGGCHYTTCGGDTYGTAAAVYKCTKTYRNHVRDSRHSAANVVNNHBBNNYCAWTNDBDRVWMNBHHNDNRHNDTGASGGTACNYKDVHBARRAAGSVMCGGCTAACTACGTGCCAGCAGCCGCGGTAATACGTAGGKSSCRAGCGTTGTCCGGAWTTATTGGGCGTAAAGSGCGCGCAGGCGGMTYVKTMAGTCTGTCTTAAAAAGTKCGGGGCTTAACCCCGTGATGGGATGGAAACTGSBRAKCTCAGAGTAYCGGAGAGGAAAGYGGAATTCCWWGTGTAGCGGTGAAATGCGTAGATATAWWGGAGRGGAACACCRGTGGGCGAARGCGGRACTYWCTGGNYBARHAAACTGACGCTGAGGGCKCGAAAGCSCWDGGGDAGCRAACRGGGATTAGGATACCCYCGGGTAG
Bacteria_Firmicutes_Negativicutes_Veillonellales_Veillonellaceae_Veillonella_sp._HMT_917,MTTSSDCAATGGRSGVRASYCTGAHSSAGCVAMGYHGCGTGMRBGAWGAMGGYYTTAYGGRTYGTAAASYKCTKTYRDHHGDSAMKAANRDBNRYSWKRSDRRWMRNDHNVVDNWDTGMMGGTAYCDKMNBARDAAGSVMCGGCTAAMTACGTGCCAGCAGCCGCGGTAATACGTAKGKSSCRAGCGTTGTCCGGAWTTATTGGGCGTAAAGCGVGCGCAGGCGGWTYKDYVAGTCTGHCKTDAAAGBYYGKGGCTYAACCVBGKGHGTGSDDTGGAAACTRBMRADCTAGAGTRYVGDAGRGGAAAGTGGAATTCCWWGTGTAGCGGTGAAATGCGTAGATATHWGGARGAACACCRGTGGCGAARGCGRSTYDCTGGDCKRWMACTGACGYTGAGGMKCGAARGCSWGGGGRRSSRAACRGG
Bacteria_Fusobacteria_Fusobacteriia_Fusobacteriales_Leptotrichiaceae_Leptotrichia_sp._HMT_218,AGTATACATAGGGCAGCAGTAGGGAATMTTSSDCAATGGRCSRVAASYCTGAHSSAGCVAHKYHGYGTGMRBGAWGAMGKCHYTWYGGDWYGTAAASYKCTDTYRKHDGRGARKAANDNNNBDNVBDKDDDAVWGYTNNSNNWDTGMMKGTAHCHDVHBARDAAGSVMCGGCTAAHTMCGTGCCAGCAGCCGCGGTAATACGTAKGKBSCRAGCGTTRTCCGGAWTTAYTGGGCRTAAAGGGCAYSYAGGCGGCCAGATAAGTCCGAGGTGAAAACTGCCGGCTCAACCAGCAGCTTGCCTTGGAAACTACCTGGCTAGAGTATTGGAGAGGTGGACGGAACTACACGAGTAGAGGTGAAATKCGTAGATATKDGKAGGGAAYRCCGRTGRYGAAGRYRGYTYWCTGGAYRRHAACTGACGCTGARGYKCGAAAGCKWGGGGGAGCGRAACARG
Bacteria_Proteobacteria_Epsilonproteobacteria_Campylobacterales_Campylobacteraceae_Campylobacter_gracilis,HTTSSRCAATGGRSGVAASYCTGAYSSAGCVAYGCCGCGTGDRKGAWGAMRSYYTTCTGGRKYGTAAASYHCTKTYRKHNGVRAMBAAVVVVHGBNDNDBBDVDHNNNNNNBNNNDTGAVGGTANCBDMMBARDAAGSVHCGGCTAACTMCGTGCCAGCAGCCGCGGTAATACGKAGGKKGCRAGCGTTRYYCGGAATYAYTGGGCGTAAAGGACGCGTAGGCGGATTATCAAGTCTCTTGTGAAATCTAACGGCTYAACCGTTAAACTGCTTGGGAAACTGATAATCTAGAGTAAGGGAGAGGMAGRTGGAATTCYTRGTGTAGSGGGTRAAATSCGTAGATATYWRGARGAAYACCDRTKGCGAAGGCGRYYYKCTGRGMMBDWAACTGACGCTRAKGCGYGAAAAGCSWGGGGGGAGCRAMMRGG
Bacteria_Proteobacteria_Epsilonproteobacteria_Campylobacterales_Campylobacteraceae_Campylobacter_rectus,MTTSSDCAATGGRSGVAASYCTGAHSSAGCVAHKYMGCGTGVRKGAWGAMRSYYYTAYGGRKYGTAAASYBCTKTYVKHDGRRRAKAANNNDDNBGAKWKTRNHHRDNWVVNDNDDTGMMGGTAYYHWMBSARDAAGSRMCGGCTAAMTMCGTGCCAGCAGCCGCGGTAATACGGAGGGTGCAAGCGTTACTCGGAATCACTGGGCGTAAAGGACGCGTAGGCGGAKTATCAAGTCYSTTGTGAAATCTAACGGCTTAACCGTTAAACTGCTTGRGAAACTGATARTCTAGAGTAAGGGAGAGGCAGRTGGAATTCYTRGTGTAGGGGGTRAAATSCGTAGAKATYARSARGAAYACCBRTKGCGAARGCGRYYYKCTGGGRMYKYAACTGACGCTRAKGCKYGAAAGCGTGGGGGGAGCGRAMMVGG
Bacteria_Firmicutes_Clostridia_Clostridiales_Peptostreptococcaceae_[XI]_Filifactor_alocis,MTTSSRCAATGGRSGVAGASYCGTGAYSSAGCRAYGCCGCGTGMRBGAWGAMGKHHTTTCGDDWYGTAAAVYKCTDTHVNHNGRGAMGADVVRSHKTBWKDBKRRWARDYHNRVDVWDTGACRGTAHCGNDVVNARRAAGSVMCGGCTAAMTACGTGCCAGCAGCCGCGGTAATACGTAGGGKGCRAGCGTTRTCCGGAWTWACTGGGCGTAAAGGGHGCGCAGGYGGTBWRDYAAGTYWGWNGTKAAAGBCHKDGGCTYAACCVWWGTAMGCYWTKRAAACTRTTTAACTTGAGTGCARGAGRGGARAGTGGAATTCCWDGTGTAGCGGTGAAATGCGTAGAKATDWGGAGGAAYACCRRWGGCGAARGCRRSYYYYTGGGNHDDNWACTGACRCTSAKRHDCGAAAGYVWGGGGGAGCRAACRGG
Bacteria_Bacteroidetes_Flavobacteriia_Flavobacteriales_Flavobacteriaceae_Capnocytophaga_leadbetteri,HTTSSDCAATGGDSCGVRASHCTGAHSSAGCVAHGYMGCGTGMRKGAWGAMKGYYYTMTGGRTYGTAAASYKCTKTYRBHNGDGAAKAANRDBDVBBWSRNKKRNMNBBNNVBNNDDTGMMKGTABYNDVHSARWAAGSVHCGGCTAAYTMCGTGCCAGCAGCCGCGGTAATACGKAGGRTSCGAGCGTTATCCGGAATCATTGGGTTTAAAGGGTCCGTAGGCGGGCTAATAAGTCAGAGGTGAAAGCGCTCAGCTCAACTGAGCAACTGCCTTTGAAACTGTTAGTCTTGAATGRTTGTGAAGTAGTTGGAATGTGTAGTGTAGCGGGTGAAATGCKTAGATATHASRMRGAACWCCGRTDGCGAAGGCRKMTTWCTRRMVWKYWAYTGACGCTGADGSGWCGAARGGCYGYGGGKKAKGCRAACAGGGATTAGRWWMCCCYGGGTAG
Bacteria_Bacteroidetes_Flavobacteriia_Flavobacteriales_Flavobacteriaceae_Bergeyella_sp._HMT_206,HTTSSNCAATGGRBGVRASYCTGAHSSAGCVAHKYMGCGTGHVKGAWGAMGGYYYTAYGGRTYGTAAASBDCTKTYRDNNDNSRVKAAYRRKKSWDNBNNNNNWMDNBHVNBNNDNTGHMKKTANBNNMHBARDAAGSVMCGGCTAAYTMCGYGCCAGCAGCCGCGGTAATACGKARGDYSCRRGCGTTATCCGGAHTTATTGGGYTTAAAGGGTSCGTAGGCGGRTTVHTAAGTCAGHGGTKAAAKNBNRTRGCTCAACYATSNAWYTGCCDTTGAWACTGRBVDTCTTGAGTRYAKDYRRRGWWVYYGGAATWMGTRGTGTAGCGGTGAAATGCDTAGATATBWSDHDGAAYWCCRAWNGCGAAGGCAGGSBBHYYRRSMDDBWAYTGACGCTSAKRBGDCGARAGYGYRGGKGAKCRAACAGGATTAGATACCCCCGGGTAG
Bacteria_Bacteroidetes_Bacteroidia_Bacteroidales_Prevotellaceae_Prevotella_denticola,MTTSSDCAATGGRSGVRASYCTGAHSCAGCMAHGYMGCGTGMRKGATNGAMGGYYYTAYGGRTYGTAAASYKCTKTYRKDNGDGRAKAAVRHBTGTKAGWRDBBAMRBKTVVBHNGDDTGMMKGTASYDBMHSARDAAGSRMCGGCTAAYTMCGTGCCAGCAGCCGCGGTAATACGGARGGTBCRRGCGTTATCCGGATTTATTGGGTTTAAAGGGAGCGTAGGCYGGGGATTAAGTGTGTTGTGAAATGTAGGCGCYCAACGTCTGAYKTGCAGCGCATACTGGTYCCCTTGAGTRCGCGCAACGCCGGCGGAATTCGTCGTGTAGCGGTGAAATGCTTAGATATGACGAAGAACYCCCRATTGCGAAGGCAGCYGRCGGGGGAGCGYAACTGACGCTKARGCTCGAARGGYGYGGGGKAKCRAACAGG
Bacteria_Proteobacteria_Betaproteobacteria_Neisseriales_Neisseriaceae_Neisseria_cinerea,TACAGATCGTGGAGGCAGTAAGGAATHTTSSDCAATGGRCSVRRAGYCTGAHSSAGCVAHKYHGYGTGHVBGAWGGRMKKHYYTWYGGDWYGTAAAVBDCTKTYRNHNDNGRHBMANVNNNNNNNNRVDRRHWDNDNNNNNNNNWGMVKGTABCBNDVHNARDAAGBVHCGGCTAAHTMCGTGCCAGCAGCCGCGGTAATACGKAGGKBSCRAGCGTTRWYCGGAWTTAYTGGGCGTAAAGSGAGCGCAGRCGGTTACTTAAGCAGGATGTGAAATCCCCCGGGGCTYAACCTGGGAACTGCGTTCTGAACTGGGTGACTAGAGTGTGTCAGGAGGGAGGTAGAATTCCACGTGTAGCAGTGAAATGCGTAGAGATGTGGAGGAATACCGATGGCGAAAGGCAGCCTCCTGGGGATRAMACTGACGYTCATGCTCGAAAGCGTGGGGGKAGCRAACAGGGATTAGATACCYMSKRGTAG
Bacteria_Bacteroidetes_Flavobacteriia_Flavobacteriales_Flavobacteriaceae_Capnocytophaga_granulosa,MTTSSDCAATGGDSGVRASHCTGAHSSAGCVAHGYMGCGTGMRKGAWGAMKGYYYTAYGGRTYGTAAASYKCTKTYGRKVWGDGRRKAAHRDBDNKBRBDNDDDAVMVYTVVNDNDDTGMMGGTAHYWDMHSARDAAGSRHCGGCTAAYTMCGTGCCAGCAGCCGCGGTAATACGGAGGRTGCGAGCGTTATYCGGAATCATTGGGTTTAAAGGGTCTGTAGGCGGGCTATTAAGTCAGGGGTGAAAGGTTTCAGCTTAACTGAGAAATTGCCTTTGATACTGGTAGTCTTGAATATCTGTGAAGTTCTTGGAATGTGTAGTGTAGCGGTGAAATGCTTAGATATDACRMAGAACACCGATTGCGRGAGGCAGSKSGWCTRRSWKRYRAYTGACGCTGARRSWCGAAAAGSSKGKGGGGKAGAGCGRAACARGATTAGRWWMCCCYGGGTAG
Bacteria_Firmicutes_Negativicutes_Veillonellales_Veillonellaceae_Dialister_invisus,MTTSSRCAATGGRSGVAASYCTGAYSSAGCMAHGYCGCGTGARKGAWGAMGGCHYTWCGGDTYGTAAAVYTCTKTBRWHVRDSAMGAANRDBHDYKRKNBTNBDANNWDYDNRVHSNMDWGACGGTANYKDRMNARVAAGSSMCGGCTAACTACGTGCCAGCAGCCGCGGTAATACGKAGGKSSCRAGCGTTRTCCGGAWTTATTGGGCGTAAAGCGMGCGCAGGCGGMTWSSYMAGTCYVKMKTWAAAAGKBYGKGGCTTAACCCCGTGATGGGAWGGAAACTGSSRAKCTRGAGTATCGGAGAGGAAAGTGGAATTCCTAGTGTAGCGGTGAAATGCGTAGAKATTAGGAAGAACACCRGTGGCGAARGCGRCTYTCTGGMYKRHAAACTGACGCTGAGGGCKCGAAAGCSWGGGGGGAGCRAACRGG
Bacteria_Firmicutes_Bacilli_Lactobacillales_Lactobacillaceae_Lactobacillus_iners,MTTSSRCAATGGRSGVAASYCTGRYSSAGCRACGCCGCGTGRGKGAWGAMGKNYTTCGGNWYGTAAASCYCTRTYRKHRGDSAAGAABRRVTGTDDRDGYRGWAASTDHMCWYWGWADWGRCRGTANYYDMHBARRAAGBSVCGGCTAACTACGTGCCAGYAGCCGCGGTAATACGTAGGDSSCRAGCGTTRTCCGGATTTATTGGGCGTAAAGCGAGYGCAGGCGGYTCGATAAGTCTGATGTGAAAKCCYTSRGCTYAACYKRRGAATTGCATYMGAWACTGKSRAGCTWGAGTRYRGRAGAGGAKRGTRGAAYTCCAKGTGTRGCGGTGAAATGCGTAGAKATMTGGRRRAAYACCGRTGGCGAARGCRGCYMYCTGGYCTRWWACTGACGCTGAGGGYWCGAAAGCRTGGGGKAGCRAACAGG
Bacteria_Proteobacteria_Gammaproteobacteria_Pasteurellales_Pasteurellaceae_Haemophilus_NA,WCGAYYACRKRGASKMRGSRSAGTRGGGAATHTTSSDCAATGGRSGVRRASYCTGAHSSAGCVAHKYHGYGTGHVBGAWGRMKKHYYTMTGGDWYGTAAASBNCTKTYRNHNDNVRNBMWNVNNNNNNDKDBBHHNHNNNNNNNNNNNVCACTNWGMVKKTANNNDVGTNNARDAAGSVHCGGCTAAHTMCGTGCCAGCAGCCGCGGTAATACGKRKGKBSCRAGCGTTRWYCGGAWTWAYTGGGCGTAAAGSGMDYGYAGRCGGHBDBDYMAGYVDGDHKTDAAAKBYYSCBRGCTYAACYCNBRKDNBKGSDDTBSRDACTGBBDVDCTWGAGTRYNDDAGRGRRRRGTRGAATTCCWNGTGTAGCRGTGRAATGCGYAGAKATNWGGGARGGAAYACCRRWGGCGAARGCRRSYYYYTGGNHGDDDHACTGACGYTSAKGYKCGAAAGCSCWGGGKGAGCRAACRVRGATTAGGATACCCCCGGGTAG
Bacteria_Bacteroidetes_Bacteroidia_Bacteroidales_Porphyromonadaceae_Tannerella_forsythia,MTTSSDCAATGGADBGNRAVHCTGAHSSAGCVAHGYMGCGTGMRKGAWGAMKGBYYTWYGGRWYGTAAASYKCTKTYRBNNGRGAVBAWVRWNNRDBHSNDDDRNNDSHHNWHRHNDTGMMKGTANNDDVNNARDAAGSNHCGGCTAAHTMCGTGCCAGCAGCCGCGGTAATACGKAKGRYDCRAGCGTTATCCGGATTTATTGGGTTTAAAGGGTGCGTAGGYGGVCTGDTAAGTCMGHGGTGAAAGYTYGKMGCTTAACKMYRHAATTGCCRTTGAAACTGBYRGTCTTGAGTRTHGRTGARGTAGGYGGAATGCGTRGTGTAGCGGTGAAATGCDTAGAKATVWSGMRGAACWCCGRTNGCGAARGGCRGCYBWCKRRVDGYRBWACTGACRCTNARGCWCGAARGYGYGGGGGKAKCRAACAGGATTAGATACCCCCGGGTAG
Bacteria_Proteobacteria_Gammaproteobacteria_Pseudomonadales_Pseudomonadaceae_Pseudomonas_fluorescens,ATTGGACAATGGGCGMAAGCCTGATCCAGCCATGCCGCGTGTGTGAAGAAGGYCTTMGGRTTGTAAAGCACTTTMAGKKGKGAGGAAGGRYRKTWRVYTAATAYBYDRNYRTTTTGACGTTASCSMCAGAAKAAGCACCGGCTAACTCTGTGCCAGCAGCCGCGGTAATACAGAGGGTGCAAGCGTTAATCGGAATTACTGGGCGTAAAGCGCGCGTAGGTGGTTYGTTAAGTYGRATGTGAAATCCCMGGGCTCAACCTKGGAAYKGCAYYCRAWACTGRCDRRCTAGAGTATGGTAGAGGGKDGTGGAATTTCCTGTGTAGCGGTGAAATGCGTAGATATAGGAAGGAAYAYCRRWGGCGAAGGCRRCHMCYTGGRMWDRTACTGACRYTSAKGTGCGAAAGCGTGGGGGAGCAAACAGG
Bacteria_Bacteroidetes_Bacteroidia_Bacteroidales_Porphyromonadaceae_Porphyromonas_endodontalis,ATTGGTCAATGGGCGRRAGCCTGAACCAGCCAAGTCGCGTGAAGGANGACGGTTCTATGGATTGTAAACTTCTTTTGTRGAGGAATAAYGGYRGYTACGHGTAGCTGAGATGCATGTACTCTRCGAATAAGTATCGGCTAACTCCGTGCCAGCAGCCGCGGTAATACGGAGGATACGAGCGTTATCCGGAATTATTGGGTTTAAAGGGTGCGTAGGTGGYBWRTTAAGTCAGTGGTGAAAARCTGCAGCTCAACTGTAGTCTTGCCGTTGAAACTGATRTGCTAGAGAGGAGACGAGGTATGCGGAATGTGTGGGTGTAGCGGGGTGAAATGCATAGATATBASRMRGAACDCCGATKGCGAAGGCAGCKTACYRGRMBVCRWCTGGACRCTGARGGCWCGGAARGYGTGGGGRGAKCRAACASRRTTAGATACCCCCGGGTAG
Bacteria_Bacteroidetes_Flavobacteriia_Flavobacteriales_Flavobacteriaceae_Bergeyella_sp._HMT_322,ACGAGTGCGTGGAGCAGCAGTGGGAATMTTSSDCAATGGDBGVRASHCTGAHSSAGCMAHSYMGCGTGMRKGAHGAMKGYYYTMTGGRTYGTAAASYKCTKTYRKWDRVGRRKAANVHBDNBBWKDBKRRWMRDBWVVBDNDNTGMMKKTAHYHWMHSARDAAGSRHCGGCTAACTMCGTGCCAGCAGCCGCGGTAATACGGARGGTSCRRGCGTTATCCGGATTTATTGGGTTTAAAGGGWSCGTAGGYGGRYTGATAAGTCAGMGGTGAAATCCTGYAGCTTAACTRTAGAACTGCCKTTGATACTGTTWGHCTTGAGTGTAKWTGARGTGGSTGGAATWMGTWGTGTAGCGGTGAAATGCRTAGATATHWSKWRGAACWCCRRTKGCGAAGGCRGSGTBWCBRRKVYRYAACTGACGCTGARGGSWCGAAAGYVBGGGKGAAKCRAACAGGGATTAGRWWMCCCCGGGTAG
Bacteria_Bacteroidetes_Bacteroidia_Bacteroidales_Prevotellaceae_Prevotella_oris,ACAGTATATAGGAGGGCAGTAGGGAATMTTSSDCAATGGRSGVRASYCTGAHSSAGCMAMGYMGCGTGMRKGAWGAMGGYYCTWYGGRTYGTAAASYKCTKTTRKDHGRGRAKAAVRWBHDKBASRKKNRNHDDBTVHBNNWDTGMMKGTAYCDBMHSARWAAGSRMCGGCTAAYTMCGTGCCAGCAGCCGCGGTAATACGKARGKYYCDRGCGTTATCCGGATTTATTGGGTTTAAAGAAGCGAAAGGAGCGTAGGCCGTGGATTAAGCGTGTTGTGAAATGCAGGTGCTCAACGTCTGCACTGCAGCGCGAACTGGTYCACTWGAGTGTGCRCAACGCAGGCGGAATTCGTCGTGTAGCGGTGAAATGGCTTAGATATDASGAAGAACWCCGRTKGCGAAGGCAGCYKDCGKGGGRSYRYAACTGACGCTKARGCWCGGAARGYGYGGGGGKAKCRAACAGGGATTAKRWWMCYCYSGGTAG
Bacteria_Proteobacteria_Epsilonproteobacteria_Campylobacterales_Campylobacteraceae_Campylobacter_sp._HMT_044,MTTSSDCAATGGRBGVRASYCTGAHSSAGCVAHKYMGCGTGVRKGADGAMRBHYYTMYGGDDYGTAAASYBCYDTYRKNNDKGRRKAARVHDRVKSWSKYRWBVSTACATCWDNHTGHMDKTAMHDNMHKARDAAGSVCCGGCTAAYTMCGTGCCAGCAGCCGCGGTAATACGGAGGGTGCRAGCGTTAMTCGGAATMACTGGGCGTRAAGGRCRCGYAGGCRGWKWMTYAAGTSHSKTGTGAAAKCYHVBGGCTTAACCRYTAAACTGCTTGGGAAACTGATARTCTAGAGTAAGGGAGAGGCAGATGGAATTCYTRGTGTAGSGGTRAAATSCGTAGAKATYARGAAGAAYACYDRTKGYGAAGGCGRYYTKCTDGAMSWWAACTGACGYTRAKGCKYGARRGCSWGGGGGAGCRAACRGG
Bacteria_Bacteroidetes_Bacteroidia_Bacteroidales_Prevotellaceae_Alloprevotella_sp._HMT_914,MTTSSDCAATGGRCCGVRAGYCTGAHSSAGCMAMGYMGCGTGMRKGAWGAMGGCYYTHYGGRTYGTAAASYKCTKTTRKDHGRGRAKAACRAGKGYDRDDRDDSAMRKKTVVBWNHKTGHMKGTAYCDHMHSARWAAAGSRMCGGCTAAYTMCGTGCCAGCAGCCGCGGTAATACGKARGKBBCRRGCGTTRTCCGGAWTTATTGGGYKTAAAGSGAGCGTAGGCGGWTTGWTAAGTCWGCRGTKAAAGGSHGKGGCTYAACTCATRSWWYGCYKTKGAAACTGKYDAWCTTGAGTGCAGRMRGRGGGAKRSYGGAATTCSWKGTGTAGCGGTGAAATGCDTAGATATMWSGMRGAACWCCGRTBGCGAARGCRGGSTBWCYRRBGBWRYDACTGACGCTGARGSWCGAAAGYGTGGGGKAKCRAACARG
Bacteria_Bacteroidetes_Bacteroidia_Bacteroidales_Prevotellaceae_Prevotella_NA,CDYWDMSKMGBGRRGSSAGCAGTGAGGGAAKMTTSSDCAATGGRSGNRRASYCTGAHSSAGCVAHGYMGCGTGMRKGAHTGAMKKHYYTMYGGDWYGTAAASYKCTKTYRNNNRDGRVKAANNNNNNNNDBRBKRRHWVNNBNNNNNNNTGGHMKKTANYNNVNABARDAAGSVHCGGCTAAYTMCGTGCCAGCAGCCGCGGTAATACGKARGDBBCRRGCGTTRTCCGGAWTTATTGGGYKTAAAGSGMGYGYAGGCBGBDDRWTAAGYSTGWWGTKAAAKKYWGDBGCYYAACVWYDRHMYTGCWKYGSRWACTGKYDNVCTTGAGTRYRSRMRRSGHDRGYGGAATTCVWBGTGTAGCGGTGAAATGCKTAGATATNWSGARGAACWCCRRTKGCGAAGRGCRGSYBDCGBGKGVBBRYWACTGACGCTKARGMDCGAAGRGGTYSYSGGGGGGKKAKCGRGAACARGGATTAGGRWWMCCCYGGGTAG
Bacteria_Actinobacteria_Actinobacteria_Bifidobacteriales_Bifidobacteriaceae_Scardovia_wiggsiae,MTTSSRCAATGGRSGVAGASYCTGAYSSAGCVAYGCHGCGTGMRKGAHGRAGKYYYTWCGGRWYGTAAASYKCTKTYRKHVVVGRRKVAVGNDTGTDAGWDNRVHHRDBTVVHDNDDTGASKKKANYNDMHNARDAAGSVMCGGCTAAHTMCGTGCCAGCAGCCGCGGTAATACGKAGGKBSCRAGCGTTRTCCGGATTTATTGGGCGTAAAGGGCTCGTAGGCGGTTTGTTGCGTCTGGTGTGAAAGCTTACTGCTTAACGGTAGGTTGCGCTGGATACGGGCAGGCTTGAGTGCAGGTAGGGGAGACTGGAATTCTCGGTGTAACGGTGGAATGYGYAGATATCRGGAAGAACACCKRTGGCGAAGGCRGGTYTCTGGGCYGTTACTGACGCTGAGGAGCGAAAGCGTGGGGGAGCRGAACAGG
Bacteria_Actinobacteria_Actinobacteria_Bifidobacteriales_Bifidobacteriaceae_Parascardovia_denticolens,MTTSSDCAATGGRSGVAASYCTGAHSSAGCVAMGYMGCGTGMRKGAWGRMGGCYYTWYGGRBYGTRAASYKCTKTTRBHDGKSRRBAAVSHSWRTGAGAGTBNAMRKKKVDBHNDKTGMVKKWASYWNVHSARDAAGSRMCGGCTAAYTMCGTGCCAGCAGCCGCGGTAATACGTAGGGKGCAAGCGTTRTCCGGAWTTATTGGGCGTAAAGSGMKCGYAGGYGGTTYRWYRMGTCTGRTGTGAAAGCCCRCKGCTYAACSGTGGRKKKKCRTTGGAWACKGKYRRRCTTGAGTGCRGBAGRGRARRSTGGAATTCYYRGTGTARCGGTGRAATGYGTAGATATMDGGARGAACACCDRTGGCGAARGSMVRGSTBTCTGGKGCTGTWACTGACGCTGAGGMKCGAAAGCRTGGGGGGAGCGAACAGGGATTAGGATACCCTGGGTAG
Bacteria_Absconditabacteria_(SR1)_Absconditabacteria_(SR1)_[C-1]_Absconditabacteria_(SR1)_[O-1]_Absconditabacteria_(SR1)_[F-1]_Absconditabacteria_(SR1)_[G-1]_bacterium_HMT_345,CTTSSRCAATRGRCGVAAGYCTGAYSSAGCAAYKYCGCGTGARKGAWGAMGSHYTWCGGDKYGTAAAVYTCTKTTDWDVVRGAMGAAHRRBYKYBWKRSKRRHHDKWHVVMVBHDWGACGGTAYBKNAMBARWAAGVSACGGCTAACTACGTGCCAGCAGCCGCGGTAATACGTAGGTCYCRAGCGTTRTCCGGATTTAYTGGGCGTAAAGYGWSCGYAGKCKGAATTGTAAGYCTGTTTTCAAATCCTACGACTCAATCGTAGAAAGGGARTGGATACTGCAATTCTGGAAGTATCTGGGGGGTTAGTGGAATTYCMKGTGKAGCGGTGAAATGCGTWGATATMKGRAGGAACRCCGRWRGCGAAAGCRGCTMWCTRSWSWRTAMYTGACGMTGAGGSGWCGAMAGYKYGGGKAGCAAACAGG
Bacteria_Bacteroidetes_Bacteroidia_Bacteroidales_Prevotellaceae_Prevotella_intermedia,MTTSSNCAATGGRBGNRRVYCTGAMSSAGCMAMGYMGCGTGMRKGAWTGAMGGYYYTMTGGRTYGTAAASYKCTKTTRKDNGRGRRKAANRNNDNBBASRNKKVVNHRYTMRSMNNNTGMMKKTAYCNNHHSARWAAGSRHCGGCTAAYTMCGTGCCAGCAGCCGCGGTAATACGKARGDYNCRRGCGTTATCCGGAWTTATTGGGTTTAAAGGGAGYGTAGGCGGYYBVTTAAGCGTGTTGTGAAATYTWSNKGCTCAAACHKBKRVCTTGCRGYGSGWACKGGCBGACTTGAGTGCRSKMRRSGTAWSYGGAAYTCMTGGTGTAGCGGTGRAATGCKYAGATATMWKGAVGAACWCCGRTKGCGAARGCRGSDYWCKGGGVBYGTWACTGACGCTKARGMKCGAARGYGYGGGGKAKCRAACAGGGATTAGGATACCCCYGGGTAG
Bacteria_Bacteroidetes_Bacteroidia_Bacteroidales_Bacteroidales_[F-2]_Bacteroidales_[G-2]_bacterium_HMT_274,MTTSSDCAATGGDSGVRASHCTGAHSSAGCVAMGYMGCGTGMRKGAWGAMDGYYYTMTGRRTYGTAAASYKCTKTTRKHHRDSRRKAAVRDDDRDSAKWGYKRAAMGHKYVHYDHWKTGMMDKTABYDBMHSARWAAGSRHCGGCTAAYTMCGTGCCAGCAGCCGCGGTAATACGKARGRYSCRRGCGTTRTCCGGAWTTATTGGGYKTAAAGSGWGCGYAGGCGGTWWKAYAAGTCWGRRGTKAAAKBYTGGKGCTTAACMWTARWAATTGCYTTKGAAACTGTKKWACTTGAGTGYARRAGRGGWRRGYGGAATKYSWTGTGTAGCGGTGAAATGCRTAGATATNWSRMRGAACHCCCGRTKGCGAARGGCRGCTYWCKRKHVYRYAACTGACGCTGADGCWCGAARAGYGYGGGKRGAKCRAACAGG
Bacteria_Firmicutes_Negativicutes_Veillonellales_Veillonellaceae_Dialister_pneumosintes,MTTSSRCAATGGRSCGVAASYCTGAYSSAGCRACGCCGCGTGARBGADGAMGGYYTTCGGRTYGTAAASYTCTKTBRNTCWHGDVAVRRRMGRNWDWRWDRKKRRWAABNWNAVRBWKTGACGGTABBKDMMVARVAAGSSMCGGCTAACTACGTGCCAGCAGCCGCGGTAATACGTAGGKSGCRAGCGTTGTCCGGAATTATTGGGCGTAAAGCGCGCGCAGGCGGYTTSTTAAGTCYRHHKTDAAAGSSTGGGGCTCAACCCYAKKWBTGSDDTGGAAACTGGGAAGCTGGAGTATCGGAGAGGAAAGTGGAATTCCTAGTGTAGCGGTGAAATGCGTAGAGATTAGGAAGAACACCSRGTGGCGAAGGGCGRCTTTCTRGACKRMAAACTGACGCTGAGGCKCGAAAGCSWGGGGGAGCRAACRRG
Bacteria_Fusobacteria_Fusobacteriia_Fusobacteriales_Leptotrichiaceae_Leptotrichia_shahii,MTTSSRCAATGGRSSVRRASYCTGAYSSAGCVAYKYYGYGTGMRBGAWGAMGKCYYTTCGRRWYGTAAASYKCTKTYRNHWGDSARGAAVRVVNDKVNBDBDRRWARDYDSDNDSDDTGACGGTANCWDGGTMMBARRAAGBVMCGGCTAAMTMCGTGCCAGCAGCCGCGGTAATACGKAKRKYSCRAGCGTTRTCCGGAATTATTGGGCATAAAGGGCATCTAGGCGGCCCTGTAAGTCTAGGGTGAAAACCTGCGGCTYAACCGCAGGCCTGCCCCGGAAACTACAGGGCTAGAGTGCTGGAGAGGTGGACGGAACTGCACGAGTAGAGGTGAAATTCGTAGATATGTGCAGGGAATGCCRATGATGAAGATAGTTCACTGGACGGYAACTGACGCTGARGYKCGAAAGCKWGGGRGAGCRAACAGGATTAGATACCCCYGGGTAG
Bacteria_Firmicutes_Clostridia_Clostridiales_Peptostreptococcaceae_[XI]_Mogibacterium_timidum,MTTSSRCAATGGRCSGVAASYCTGAYSSAGCVAYGCCGCGTGMRBGAWGRMGKTYYTTCGDRWYGTAAAVYKCTKTYVDHNGRGAMGAANNRSHDBBHDRSDRDWMDBKDNNNNVDDTGABDGTAYCDDNVNARNAAGSVMCGGCTAAMTACGTGCCAGCAGCCGCGGTAATACGTAKGKSGCRAGCGTTRTCCGGAATTATTGGGCGTAAAGAGTGCGTAGGTGGTTACCTAAGCGCAAGGTTTAAATTAGAGGCTCAACCTYTACATGCCTTGCGAACTGGGCTACTTGAGTGCAGGAGGGGARAGYGGAATTCCWWGTGTAGCGGTGAAATGCKTAGATATNWSGARGAACWCCGRYKGCGAARGCRRGCTYWCBGGGNNNRYWACTGACRCTKARGCDCGAARGYGYGGGGKAKCRAACAGG
Bacteria_Actinobacteria_Actinobacteria_Corynebacteriales_Corynebacteriaceae_Corynebacterium_matruchotii,AGCGTCGTCTGGAGGCAGTGGGGAATMTTSSRCAATGGRSGVGAGASYCTGAYSSAGCVAYGCCGCGTGVRKGAWGAMGKYHYTTCGGDWYGTAAASYBCTKTYRNHMRDGAHGAAVVVVBDBBWBNBGTKDDDRNBYHNVNRNDDTGACGGTAVCYTDVNBARDAAGSVMCGGCTAACTACGTGCCAGCAGCCGCGGTAATACGTAGGKBGCRAGCGTTRTCCGGAATTAYTGGGCGTAAAGAGCTCGTAGGTGGTTTGTTGCGTCGTCTGTGAAATTCCGGGGCTTAACTTCGGGGATGGCAGGCGATACGGGCATAACTAGAGTGCTGTAGGGGAGACTGGAATTCCTGGTGTAGCGGTGGAATGCGCAGATATCAGGGARGGAACACCGRTGGGCCGAAGGCRGGGTCTCTGGGRGCHGTWACTGACGCTGAGRMKCGAAAGCRGTGGGGRAGCRAACAGGGATTAGGATACCCCCGGGTAG
Bacteria_Proteobacteria_Gammaproteobacteria_Cardiobacteriales_Cardiobacteriaceae_Cardiobacterium_hominis,MTTSSDCAATGGRSGVRASYCTGAHSSAGCVAHGYMGCGTGHRKGAWGRMGGYYYTMTGGRTYGTAAASYDCTKTYRKHAGNGARGMWVRVDDBNDDKNNDVDVVHVTKBRBDBDDDTGMVGKTAHYDDVHSARDAAGSRMCGGCTAACTMCGTGCCAGCAGCCGCGGTAATACGKAGGGTGCRAGCGTTATTCGGAATTACTGGGCGTAAAGCGCACGCAGGCGGTTRYYCAAGTCAGATGTGAAAGCCCCGGGCTTAACCTGGGAAYTGCATTTSAWACTGGRYRRCTAGAGTAYKWWAGRGGRRRGYRGAATTYCMMGTGTAGCRGTGAAATGCGTAGAKATDKGRAGGAAYACCGAWGGCGAARGCRGSYYYYTGGGWHKDWACTGACGCTSAKGYKCGAAAGCAGTGGGDGAGCRAACAGGGATTAGATACCCCSKGGTAG
Bacteria_Actinobacteria_Coriobacteriia_Coriobacteriales_Coriobacteriaceae_Atopobium_rimae,MTTSSRCAATGGRSGVAASYCTGAYSSAGCVAYKCYGYGTGMRBGAHGAMGGCYYTTCGGRTYGTAAAVYKCTKTYRDHVGDSRNBARNVDNHDBNWKDBKRRHHDDBDNNNDVHKTGAVGGTANCBDMMBARRAAGSVMCGGCTAAMTMCGTGCCAGCAGCCGCGGTAATACGTAGGKSSCRAGCGTTRTCCGGATTYATTGGGCGTAAAGCGCTCGTAGGCGGTCTGTTAGGTCGGGAGTTAAATCCGGAGGCTCAACCTCCGYYCGCTCCCGATACCGGCAGACTTGAGTTTGGTAGGGGAAGGTGGAATTCCTAGTGTAGCGGTGGAATGCGCAGATATWWGGARGAACACCRRTGGCGAARGCRRGSYYTCTGGNCBRHWACTGACGCTGAGRMKCGAAAAGCNWGGGKGAGCRAACRGGATTAGATACCGGTAG
Bacteria_Bacteroidetes_Bacteroidia_Bacteroidales_Prevotellaceae_Prevotella_aurantiaca,CATAGTAGTGGGAAGCAGTGGGGAATHTTSSDCAATGGRSSNRAASYCTGAHSSAGCVAHKYHGYGTGHVBGAWGAMGKYYYTMYGGRWYGTAAASBDCTKTYRDNHGDVRVKAANDDNHBYNDDRBDNNWMNBKWVVBNNNDTGHMKKTAHCDNHHBARDAAGBVMCGGCTAAHTMCGTGCCAGCAGCCGCGGTAATACGKARGDBBCRRGCGTTRTCCGGAWTWAYTGGGYKTAAAGSGAGYGYAGGCSGBNWNWTAAGYSTGWWGTKAAAKKYWGDKGCTYAACMWYWRWHYTGCWKYGSRAACTGKNDRACTHGAGTGCANRMRRSGWRDGYGGAATTCMWBGTGTAGCGGTGAAATGCKTAGATATNWBGARGAACWCCGRTKGCGAARGCRGCDBWCBGGDVBRHNACTGACGYTKARGCDCGAARGGYGYGGGGKAKCRAACAGGGATTAGGATACCCTGGGTAG
Bacteria_Proteobacteria_Betaproteobacteria_Neisseriales_Neisseriaceae_Kingella_sp._HMT_012,TTTGGACAATGGGSGCAASCCTGATCCAGCCATGCCGCGTGTMTGAAGAAGGCCTTCGGGTTGTAAAGKACTTTTGTTAGGGAAGAAAAGRRWDGTGYTAATACCVYHWTYTGCTGACGGTACCTAAAGAATAAGCACCGGCTAACTACGTGCCAGCAGCCGCGGTAATACGTAGGGTGCGAGCGTTAATCGGAATTACTGGGCGTAAAGCGRGCGCAGACGGTTACTTAAGCAGGATGTGAAATCCCCCGGGCTYAACCTGGGAACTGCGTTCTGAACTGGGTRGCTAGAGTATGTCAGAGGGGGGTAGAATTCCACGTGTAGCAGTGAAATGCGTAGAGATGTGGAGGAATACCGATGGCGAAGGCAGCCYCCTGGGATAATACTGACGTTCATGCYCGAAAGCGTGGGTAGCAAACAGG
Bacteria_Saccharibacteria_(TM7)_Saccharibacteria_(TM7)_[C-1]_Saccharibacteria_(TM7)_[O-1]_Saccharibacteria_(TM7)_[F-1]_Saccharibacteria_(TM7)_[G-1]_bacterium_HMT_346,ATCAGACACGGGAGGCAGCAGGGGAATHTTSSRCAATGGRSGVAASYCTGAYSSAGCVAYGCCRCGTGHVKGAWGAMGGYYTTCGGRTYGTAAASYKCTKTTRDNRDDGAVGAABDDRNRTGAGWRYGRAWAGTKCWBWSTARYGACRGTABHTNHHSARDAAGSVHCGGCTAACTACGTGCCAGCAGYCRCGGTMATACGYAGGDYSCGAGCGTTRTCCGGARTKAYTGGGCGTAAAGAGTYGCGTRGGCGGTTKKWTAAGTGAATAGTGAAATCTGGTGGCTYAACCATAYAGGCTATTATTCARACTGKMMAACTCGARAGTGGTAGAGGTCACTGGAATTTCTTGTGTAGGAGTGAAATSCGTAGAKATVWSRARGAAYWCCGATRGCGHAGGCAGSYKVYTGSRHYRHHWCTGACGYTAVAKGGCDCGAAAGCGTGGGKGAKCRAACMGG
Bacteria_Firmicutes_Negativicutes_Selenomonadales_Selenomonadaceae_Selenomonas_sputigena,CTTCSRCAATGGRSGVAASYCTGAYSGAGCAACGCCGCGTGAGTGAAGAAGGTYTTCGGATCGTAAAGCTCTGTTGYWMRRGAMGAAMRMBKRKBWKRRDRRHAWKKWVHYNSDGTGACGGTAYYKWRCSAGRAAGSSACGGCTAACTACGTGCCAGCAGCCGCGGTAATACGTAGGTGGCGAGCGTTTGTCCGGAATTATTGGGCGTAAAGGGAGCGCAGGCGGRCATATMAGTCCATCTTAAAAGTGCGGGGCTCAACCCCGTGAGGGGATGGAAACTGYMWRYCTTGAGTRCAGGAGAGGAAAGYGGAATTCCHWGTGTAGCGGTGAAATGCGTAGATATWDGGARGAACACCRGTGGCGAARGCGRCTYTCTGGHCKRHAACTGACGCTGAGGCKCGAAAGCBWGGGGGAGCRAACRGG
Bacteria_Firmicutes_Bacilli_Lactobacillales_Streptococcaceae_Streptococcus_downei,HYTSSRCAATGGRSGVAASYCTGAYSSAGCVAYGCCGCGTGWVKGAWGAMGGHYTTCGGDTYGTAARVBWCTKTYRDHVSNSAVGAANRVNNNWNDDNBDDNWHVNNNNNNDNWKWGASGKTANSBDVMBARDAAGSVMCGGCTAACTMCGTGCCAGCAGCCGCGGTAATACGKAGGKBSCRAGCGTTRHYCGGAWTWAYTGGGCGTAAAGSGMGCGCAGGCGGYTWRRTAAGTCTGAAGTTAAAGGCWKTGGCYCAACCAWWGTWYGYYTTGGAAACTGTYARACTTGAGTGCAGAAGRGGAGAGYGGAATTCCATGTGTAGCRGTGRAATGCGYAGAKATDHGGARGAAYACCRRTGGCGAARGCRGCYYYCTGGBHYRWMACTGACGYTSAKGMBCGAAAGCKWRGGGKAGCRRAMMRG
Bacteria_Bacteroidetes_Bacteroidia_Bacteroidales_Prevotellaceae_Alloprevotella_tannerae,MTTSSDCAATGGRSGVRASYCTGAHSSAGCVAMGYMGCGTGMRKGAWGAMGGCYYTWBKGRGTYGTAAASYKCTKTYRKNHGDGGRMKAAVRDNHDBBAKDDYDRMDWGTKVNBDNDDTAGWGHMGGTABCDBMHSARDAAGSVMCGGCTAAYTMCGTGCCAGCAGCCGCGGTAATACGKGARGKYSCRRGCGTTRTCCGGAWTTATTGGGYKTAAAGSGAGCGCAGGCGGKWRKRTAAGTCWGMWGTTAAAKRYYRKRGCYYAACRYMTRKTATYGCWKTKGAAACTRTWTWWCTTGAGTRCRSRMRGGGGAKRGYCGGAATTCMRKGTGTAGCGGTGAAATGCKTAGATATVHKAGAVGAACWCCGRTSGCGAARGGCRGCYHWCYGGGGDBGYGYAACTGACGCTGARGCTCGAARGGYGYGGGGGKAKCRGAACARG
Bacteria_Bacteroidetes_Bacteroidia_Bacteroidales_Prevotellaceae_Alloprevotella_rava,MTTSSDCAATGGRSGVRGASYCTGAHSSAGCVAMGYMGCGTGMRKGAHGAMGGYYYTMTGGRWYGTAAASYKCTKTYRKDWGDSRABAWMRWNDDBSRBRBKRRWAVKKTVVBHNHDKGMVKGTABCWBMHBARDAAGSVMCGGCTAAYTMCGTGCCAGCAGCCGCGGTAATACGKARGKYBCRRGCGTTRTCCGGATTTATTGGGTTTAAAGGGAGCGTAGGCGGACGATTAAGTCAGCTGTGAAAGTTTGCGGCTCAACCGTAAAATTGCAGTTGAAACTGGTTGTCTTGAGTGCACGCAGGGGRYGTTGGAATTCATGGTGTAGCGGTGAAATGCTTAGATATMWKGARGAACWCCGRTBGCGAAGRGCRKMTSTCYGGGVSTGYAACTGACGCTKARGCTCGAARGYGYGGGKRKAKCRGAACAGGGATTAGRWWHMCCYGGGTAG
Bacteria_Bacteroidetes_Bacteroidia_Bacteroidales_Prevotellaceae_Prevotella_pleuritidis,MTTSSKCAATGGRCGNRASYCTGAMSSAGCMAMGYMGCGTGMRKGAWGAMGGYYCTWYGGRTYGTAAASYKCTKTTRKWHGRGRAKAAMRDBBKTSWKRRKKVAMRKKTBMYHVHKTGMMGGTAYCDKAHBARWAAGSVMCGGCTAAYTMCGTGCCAGCAGCCGCGGTAATACGGARGGTSCWRGCGTTATCCGGATTTATTGGGTKTAAAGGGAGCGCAGGCTGCACTTTAAGCGTGTTGTGAAATGTACCGGCTCAACCGGTAACGTGCADCGCGAACTGGRGTRCTTGAGTACGVAGAGGGAARGCGGAAYTCVTGGTGTAGCGGTGAAATGCKTAGATATMWSGARGAACWCCRRTBGCGAAGGCRGCTBWCYGNDBYRNDACTGACGCTGARGMKCGAAAGYVYGGGGKAKCRAACAGG
Bacteria_Bacteroidetes_Bacteroidia_Bacteroidales_Porphyromonadaceae_Porphyromonas_sp._HMT_930,MTTSSKCAATGGRBGVRAVYCTGAMSSAGCMAMGYMGCGTGMRKGAWGAMKGYYYTAYGGRTYGTAAASYKCTKTTRTNHGRGRAKAAHRWDDGBGAGAGTRGWHRSKTNWVVBHNHABTGMMKGTAYCDNAYSARWAAGSRHCGGCTAAYTMCGTGCCAGCAGCCGCGGTAATACGKAGGDBSCRAGCGTTRWYCGGAWTWAYTGGGYKTAAAGSGHRCGYAGGCBGWKNSDYVMGTSWGNNKTDAAAKBYHSNVGCTYAACYCDBNRWNNKKSNDYKSRWACKGBBDVDCTWGAGTRYNDDHRRGRDDRSYRGAATTCSWNGTGTAGCRGTGRAATGCDYAGAKATNWSGVRGAAYWCCRRWKGCGAAGRGCRGSYBHYBRRGNNHRNHACTGACRYTBADGGHDCGAARGYRYGGGGGKAKCRAACAGG
Bacteria_Bacteroidetes_Bacteroidia_Bacteroidales_Prevotellaceae_Prevotella_sp._HMT_317,ATTGGWCAATGGRCGDRGAGYCTGAWCCAGCMAMGYMGCGTGCRGGATGAMGGCCCTWYGGGTTGTAAACYKCTTTTRTDYGKGRAKAARRDDTGTGAGRBBBACGTGTVSWBYHWKTGMMGGTASCRBAYGAADAAGGRCCGGCTAATTCCGTGCCAGCAGCCGCGGTAATACGGAAGGTCCRGGCGTTATCCGGATTTATTGGGTTTAAAGGGAGCGTAGGCCGCCYCTTAAGCGTGTTGTGAAATGCGGGTGCTCAACATCCGACTTGCAGCGCGAACTGGGGGGGCTTGAGTGCGCCGAAAGTAGGCGGAATTCGTGGTGTAGCGGTGAAATGCTTAGATATNASGAAGAACTCCGATTGCGAAGGCAGCTKACKGKAGGYRYAACTGACGCTKAWGCTCGAARGYGYGGGTAKCRAACMRGGATTA
Bacteria_Saccharibacteria_(TM7)_Saccharibacteria_(TM7)_[C-1]_Saccharibacteria_(TM7)_[O-1]_Saccharibacteria_(TM7)_[F-1]_Saccharibacteria_(TM7)_[G-6]_bacterium_HMT_870,HTTSSRCAATGGRCGVAAGYCTGAYSSAGCVAYGCCGCGTGHVKGAWGAVGGYYTTCTGGRTYGTAAASBDCTKTYRKVVDDRRNBARVVNGHBKKWGASYRRHVNBDNSNBNHDDTGAVRGTANHBBMHSARDAAGSRHCGGCTAACTACGTGCCAGCAGCCGCGGTMATACGTAGGATCCGAGCGTTATCCGGAGTGACTGGGCGTAAAGAGTTGCGTAGGTGGTTYRATAAGCGAATAGTGAAAKCTGGTGGCTCAACCATTCAGAYTATTATTCGAACTGTTRAACTCGAGAGCAGAAGAGGWAGCTGGAATTTCWWGTGTAGSRGTGAAATSCGTAGATATWWGAAGGAACACCRATGGCGWAGGCAGSYYACTGGKCTGTWWCTGACRCTGAGGCACGAAAGCGTGGGGGRGCRRAMMSG
Bacteria_Actinobacteria_Coriobacteriia_Coriobacteriales_Coriobacteriaceae_Atopobium_NA,MTTSSRCAATGGRSSVARASYCTGAYSSAGCVAYKYYGYGTGMRBGAHGRMGKHYYTAYGGDWYGTAAASYKCTDTYRDHNRDSRHBARNVNNNNDNDBDBDRRHWRBNNNNNDNDDWGAVGGTACNYDDVHBARDAAGBVMCGGCTAAMTMCGTGCCAGCAGCCGCGGTAATACGTAKGKBSCRAGCGTTRTYCGGAWTYATTGGGCGTAAAGCGCKCGYAGGCGGTYWRWTARGTCKGRWGTKAAAKSCSRNGGCTCAACCNYSGWNSGTCWYYSGAWACYGKYARACTTGAGTKYRGKAGGGGAARGTGGAATTCCTDGTGTAGCGGTGRAATGCGYAGATATHWGGARGAACACCRRTGGCGAARGCRRGSYYYYTGGDMBRHWACTGACGCTGAGGMKCGAAAGCBWGGGGGGAGCRAACRGG
Bacteria_Bacteroidetes_Bacteroidia_Bacteroidales_Prevotellaceae_Prevotella_oulorum,MTTSGDCAATGGRSGVRGASYCTGAHCSAGCMAMGYMGCGTGMRKGAHGAMGGYYYTAYGGRTYGTAAASYKCTKTYRKNGNGDGRAKAANBWKDDBBASRKKKVVHRRYTMRNWHWKTGHMKGTABCNNAHSARDAAGSRMCGGCTAAYTMCGTGCCAGCAGCCGCGGTAATACGGAAGGTYCGGGCGTTATCCGGATTTATTGGGTTTAAAGGGAGCGTAGGCCGTAGATTAAGCGTGTTGTGAAATGTAGATGCTCAACATCTGACTTGCAGCGCGAACTGGTTTACTWGAGTGTGCRCAACGTAGGCGGAATTCGTCGTGTAGCGGTGAAAATGCTTAGATATGACGAAGAACWCCGATKGCGAAGGGGCAGCTKWCGGGGAGCRCAACTGACGCTKARGCTCGAAGRGYGYGGGGGGKAKCRAACARGGATTAGRWWMCCSKRGKTAG
Bacteria_Bacteroidetes_Bacteroidia_Bacteroidales_Prevotellaceae_Prevotella_sp._HMT_305,MTTSGDCAATGGRCGNRAGYCTGAHCSAGCVAMGYMGCGTGMRKGAHGAMGGCYYTWYGGRTYGTAAASYKCTKTTRYMNGRGRAKAAVRDBHDNBASRKKKSHHDGTTCAYDVDKTGMMKGTAYCHKRMSARWAAGSRMCGGCTAAYTMCGTGCCAGCAGCCGCGGTAATACGGARGRTNCDRGYGTTATCCGGATTTATTGGGTTTAAAGGGAGCGTAGGCBGSWGATTAAGTSTGTNGTGAAATKCWGKSGCYCAACKKYWGRCTTGCNGYGSAAACTGGTYTGCTTGAGTKCGSRCRASGHRRGYGGAATTCGTCGTGTAGCGGTGAAATGCTTAGATATNACGAAGAACWCCGATTGCGAAGGCAGCTKRCGKGGGNSYGYWACTGACGCTKARGCTCGAARGCGYGYGGRGTATCRAACAGGATTAGATACCCCYGGGTAG
Bacteria_Bacteroidetes_Bacteroidia_Bacteroidales_Prevotellaceae_Prevotella_sp._HMT_396,MTTSGKCAATGGRCGRRAGYCTGAMCSAGCMAMGYMGCGTGMRKGAWGAMGGCYYTWYGGRTYGTAAASYKCTKTTRYDNGRGRNBAAAACCGAGWRWNRRDBWVGWRWSNYYWCRNDKTGMMKGTAYCNBRNSARWAAGSRMCGGCTAAYTMCGTGCCAGCAGCCGCGGTAATACGGARGGYCCDGGYGTTATCCGGATTTATTGGGTTTAAAGGGAGCGTAGGCCGTAGATTAAGTGTGTTGTGAAATGTAGGCGCCCAACGTCTGCCTTGCAGCGCAAACTGGTTTACTTGAGTACGCRCAACGCAGGCGGAATTCGTCGTGTAGCGGTGAAATGCTTAGATATSACGAAGAACYCCKATTGCGAAGGCAGCTKRCKGGGAGYGYWACTGACGCTKAAGCDCGAARGYGYGGGGGKAKCRGAACAGGGATTAGGATACCCTGGGTAG
